,file_number,message_id,topic,link,domain,top_level_domain
0,983,message #249,WideStudio build fails on Windows,http://maqlisvjtcxu.com/,maqlisvjtcxu.com,com
1,2221,message #561,JFace Data Binding/Getting started,http://wiki.eclipse.org/JFace_Data_Binding/Getting_started#Example_Code,wiki.eclipse.org,org
2,3713,message #918,Re: Declaration for the m2e Project,http://tinyurl.com/4g2nlu,tinyurl.com,com
3,5389,message #1351,list of SWT_AWT problems,http://wiki.eclipse.org/Albireo_Project,wiki.eclipse.org,org
4,8294,message #2148,Welcome to eclipse.technology.ohf,http://www.eclipse.org/proposals/eclipse-ohf/,www.eclipse.org,org
5,10835,message #2871,Scripting Eclipse with the Monkey Project,http://digg.com/programming/Scripting_Eclipse_with_the_Monkey_Project,digg.com,com
6,11765,message #3179,Web Accessibility,http://www.w3.org/QA/Tips/,www.w3.org,org
7,13838,message #3805,Refactoring if(variable == CONSTANT) into if(CONSTANT == variable),http://www.pobox.com/~skeet/,www.pobox.com,com
8,17043,message #4864,Announcing DSDP website and mailing list,http://www.eclipse.org/legal/ContributionQuestionnairePart1-v1.0.htm,www.eclipse.org,org
9,17863,message #5095,Mylyn iCal connector,http://en.wikipedia.org/wiki/ICalendar#To-do_.28VTODO.29,en.wikipedia.org,org
10,18432,message #5288,Why the EMO Approved the Tigerstripe Creation Review,http://www.eclipse.org/org/documents/Eclipse%20BYLAWS%202003_11_10%20Final.pdf,www.eclipse.org,org
11,22884,message #6632,JavaDoc for Platform plugins,https://bugs.eclipse.org/bugs/show_bug.cgi?id=21587,bugs.eclipse.org,org
12,23375,message #6814,Context Help in SwingControl,https://bugs.eclipse.org/bugs/show_bug.cgi?id=221241,bugs.eclipse.org,org
13,24103,message #7001,Collaboration Inquiry and Civil Engineering,http://www.eclipsecon.org/2008/index.php?page=presenters/#Ryan_Brooks,www.eclipsecon.org,org
14,27359,message #8030,Any news on a release to support Mylin?,http://www.opera.com/mail/,www.opera.com,com
15,28179,message #8239,Eclipse bug #19945: date/time widget would be useful,http://calypsorcp.sourceforge.net/widgets.php?detail=cdatepicker#api,calypsorcp.sourceforge.net,net
16,28734,message #8394,useful dltk documentation?,http://www.opera.com/mail/,www.opera.com,com
17,29137,message #8546,Another DLTK Mini-HOWTO coming soon,http://www.eclipse.org/articles,www.eclipse.org,org
18,30695,message #9066,Strange toolbar,http://www.industrial-tsi.com,www.industrial-tsi.com,com
19,32678,message #9611,Community activity,http://www.eclipse.org/osee/documentation/ats/atsConfiguration.php,www.eclipse.org,org
20,35363,message #10469,Re: General Help,http://www.eclipse.org/modeling/mdt/downloads/?project=papyrus,www.eclipse.org,org
21,37368,message #11107,Re: New Eclipse Downloads Page Prototype,http://eclipse.org/downloads/,eclipse.org,org
22,39735,message #11808,Successful Startup (200 people) Scaling to the Next Level,http://www.par3.com/,www.par3.com,com
23,44038,message #13191,SSH on another port,http://www.eclipse.org/dsdp/tm,www.eclipse.org,org
24,44338,message #13337,[Announce] JET Build Announcements,http://www.eclipse.org/modeling/m2t/downloads/?project=jet&a;mp;showAll=1&hlbuild=S200902041513#S200902041513,www.eclipse.org,org
25,46197,message #13900,PDE Build,"http://dev.eclipse.org/svnroot/technology/org.eclipse.subversive,tag=trunk,path=org.eclipse.team.svn",dev.eclipse.org,org
26,46774,message #14145,Pre-compiled bundles,http://download.eclipse.org/tools/orbit/downloads/drops/R20080807152315/orbitBundles-R20080807152315.map,download.eclipse.org,org
27,47815,message #14444,Referencing Java Projects,http://eclipser-blog.blogspot.com/,eclipser-blog.blogspot.com,blogspot.com
28,49208,message #14800,Eclipse IMP project creation review,http://eclipse-imp.sourceforge.net,eclipse-imp.sourceforge.net,net
29,51425,message #15488,stable dev build 0.9.6.20080901-0934 is published,http://m2eclipse.sonatype.org/update-dev/,m2eclipse.sonatype.org,org
30,51714,message #15582,HUTN generated no model,https://bugs.eclipse.org/bugs/show_bug.cgi?id=273292,bugs.eclipse.org,org
31,53718,message #16187,Project Websites in old style,http://www.eclipse.org/epf/,www.eclipse.org,org
32,53994,message #16258,CVS server problems?,http://wiki.eclipse.org/index.php/WebMaster,wiki.eclipse.org,org
33,57539,message #17200,Eclipse AspectJ Development Tools v1.1.1 now available,http://www.eclipse.org/aspectj,www.eclipse.org,org
34,60159,message #18051,Pointers for Getting Started,https://bugs.eclipse.org/bugs/show_bug.cgi?id=90847,bugs.eclipse.org,org
35,60289,message #18076,Reactions to CompositeTable API,https://bugs.eclipse.org/bugs/show_bug.cgi?id=151377,bugs.eclipse.org,org
36,61117,message #18345,"Updated XDS Client Side plugins, plus user guide documentation",http://wiki.eclipse.org/index.php/OHF_IHE_Client_plugins#ATNA_Audit_Client,wiki.eclipse.org,org
37,62933,message #18908,"Re: [buckminster-dev] Strange resolver behaviour when resolving PDE plugins - using ""native&quo;",https://bugs.eclipse.org/bugs/show_bug.cgi?id=229930,bugs.eclipse.org,org
38,64407,message #19399,BNF input,http://x10.sf.net,x10.sf.net,net
39,64645,message #19484,Tycho build 0.3.0-DEV-1785,http://docs.codehaus.org/display/M2ECLIPSE/Tycho+builds,docs.codehaus.org,org
40,65946,message #19979,Problem with Operation self.libraries complains,http://stephaneerard.wordpress.com/meta-models/symfony/1.2,stephaneerard.wordpress.com,com
41,69136,message #21016,Commitment to participate,http://www.objectlearn.com/legal/license.jsp,www.objectlearn.com,com
42,69935,message #21242,Running inside Eclipse and Exporting (Import-Package: Conflicts),https://bugs.eclipse.org/bugs/show_bug.cgi?id=269110,bugs.eclipse.org,org
43,72696,message #22173,IBM Task modeler,https://secure.alphaworks.ibm.com/reg/awsurvey.nsf/surveylicense?openform&tech=taskmodeler,secure.alphaworks.ibm.com,com
44,75790,message #23148,NLS warnings pollute my RCP log,https://bugs.eclipse.org/bugs/show_bug.cgi?id=257332,bugs.eclipse.org,org
45,76630,message #23417,JET in GMF Project,http://something.org/workflow,something.org,org
46,77101,message #23547,Could not find Main Class,http://eclipsefaq.org,eclipsefaq.org,org
47,77716,message #23748,[TCS] TCS Version for Eclipse 3.2 (or others)?,http://gsd.uwaterloo.ca/projects/fmp-plugin/,gsd.uwaterloo.ca,ca
48,79123,message #24175,Architecture Package Content Alignment Review Complete for OpenUP/Basic 0.9,https://bugs.eclipse.org/bugs/show_bug.cgi?id=165222,bugs.eclipse.org,org
49,79223,message #24191,AOP eclipse tutorial/examples,http://dev.eclipse.org/viewcvs/indextech.cgi/~checkout~/aspectj-home/doc/progguide/index.html,dev.eclipse.org,org
50,82952,message #25440,Using tycho to build target platform,http://docs.codehaus.org/display/M2ECLIPSE/Tycho+development+environment,docs.codehaus.org,org
51,85846,message #26409,Project Phoenix RC1,http://wiki.eclipse.org/index.php/WebMaster,wiki.eclipse.org,org
52,86970,message #26749,Problem with fresh install,http://dev.eclipse.org/viewcvs/index.cgi/%7Echeckout%7E/platform-swt-home/faq.html#browserlinux,dev.eclipse.org,org
53,88286,message #27177,editor window tabs,http://members.home.nl/chrisje/images/eclipse_tabs.png,members.home.nl,nl
54,91343,message #28061,Export JWT to Bonita4 BAR,http://www.eclipse.org/jwt/press/efe09/ExecuteYourProcesses_EFE09_final.pdf,www.eclipse.org,org
55,191078,message #61315,Working with Dates,http://www.sciences.univ-nantes.fr/lina/atl/,www.sciences.univ-nantes.fr,fr
56,101727,message #31325,"[MTJ RC4] when edit code ,eclipse crashed.",http://java.sun.com/webapps/bugreport/crash.jsp,java.sun.com,com
57,103070,message #31740,license,http://www.eclipse.org/org/documents/epl-v10.php,www.eclipse.org,org
58,118635,message #36892,Finding difficult to select an context menu,http://mickaelistria.wordpress.com,mickaelistria.wordpress.com,com
59,141699,message #44923,EDataType support in OCL,http://dev.eclipse.org/newslists/news.eclipse.modeling.mdt.ocl/msg00833.html,dev.eclipse.org,org
60,145239,message #46185,Eclipse urgently needs a Python-project!,http://milinkovich.blogspot.com/2007/06/linux-summit.html,milinkovich.blogspot.com,blogspot.com
61,132953,message #41873,setContext doesn't find RuleAction,http://download.eclipse.org/tools/orbit/downloads/,download.eclipse.org,org
62,180157,message #57656,C++ parser stability & completeness,http://www.gccxml.org,www.gccxml.org,org
63,140147,message #44401,Help regarding toolbar in Eclipse IDE,http://dev.eclipse.org/newslists/news.eclipse.tools/msg08566.html,dev.eclipse.org,org
64,134690,message #42548,Stopping at breakpoints outside of index.php?,http://www.eclipse.org/newsportal/article.php?id=708&group=eclipse.tools.pdt#708,www.eclipse.org,org
65,137227,message #43414,"Re: DTP: Why SQL statements die saying ""no database selected""",http://www.windofkeltia.com/j2ee/tut-images/mysql-statement-failure.jpg,www.windofkeltia.com,com
66,116962,message #36320,TM 3.1 is released with Galileo,http://download.eclipse.org/dsdp/tm/updates/3.1/,download.eclipse.org,org
67,115494,message #35866,DTP Ganymede Requirements Call,http://dataplat.blogspot.com/,dataplat.blogspot.com,blogspot.com
68,137166,message #43390,Referenced Projects,http://www.interstron.ru,www.interstron.ru,ru
69,119430,message #37177,Access customXML property from emitter,http://ns.adobe.com/AdobeInDesign/3.0/,ns.adobe.com,com
70,168661,message #53964,RAC and JUnit deployment,http://www.eclipse.org/tptp/home/downloads/downloads.php?url=drops/TPTP-4.0,www.eclipse.org,org
71,149949,message #47861,[ATL] Developing a plugin which executes ATL transformations,http://www.eclipse.org/uml2/1.0.0/UML,www.eclipse.org,org
72,187607,message #60136,Problems using the org.eclipse.wst.xml.ui.StructuredTextEditorXML,https://bugs.eclipse.org/bugs/show_bug.cgi?id=52081,bugs.eclipse.org,org
73,163482,message #52285,Removing some obsolete directories for DTP Galileo,https://bugs.eclipse.org/bugs/show_bug.cgi?id=256336,bugs.eclipse.org,org
74,153025,message #48875,[ATL] Executing ATL transformations by using ANT scripts: profiled models,http://www.sciences.univ-nantes.fr/lina/atl/,www.sciences.univ-nantes.fr,fr
75,184875,message #59252,Join the Galileo Blogathon,http://www.eclipse.org/galileo/blogathon/guidelines.php,www.eclipse.org,org
76,198416,message #63722,Xdebug - breakpoints don't work,https://bugs.eclipse.org/bugs/show_bug.cgi?id=240140,bugs.eclipse.org,org
77,165329,message #52871,Tigerstripe Webinar - Apr. 17,http://live.eclipse.org/,live.eclipse.org,org
78,158053,message #50553,JET2 and access to UML model,http://www.w3.org/2001/XMLSchema-instance,www.w3.org,org
79,179309,message #57376,Custom OCLExpression implementations,http://www.obeo.fr/,www.obeo.fr,fr
80,103544,message #31884,0.7.3 does not install,http://www.polarion.org/projects/subversive/download/eclipse/2.0/update-site/,www.polarion.org,org
81,175968,message #56412,AJDT New Feature of the Week: Navigation and source hovers for pointcuts,http://www.eclipse.org/ajdt,www.eclipse.org,org
82,143260,message #45452,[Announce] MDT OCL 1.1.2 M200711281212 is available,http://www.eclipse.org/modeling/mdt/news/relnotes.php?project=ocl&version=M200711281212,www.eclipse.org,org
83,108193,message #33493,cannot create view (DB2) -- correct SQL statement does not work,https://bugs.eclipse.org/bugs/show_bug.cgi?id=3D198719,bugs.eclipse.org,org
84,172940,message #55404,Information about AJDT release streams,http://www.eclipse.org/ajdt,www.eclipse.org,org
85,121879,message #37984,Is group pruned? (General question),http://www.eclipse.org/newsgroups/index.html,www.eclipse.org,org
86,140429,message #44500,binding during multiple loads,http://www.w3.org/2001/XMLSchema,www.w3.org,org
87,121073,message #37729,Creating a Web Service using WTP,http://download.eclipse.org/webtools/downloads/,download.eclipse.org,org
88,188890,message #60559,teneo - why tables for interfaces?,http://www.elver.org/hibernate/inheritance.html#Multiple+Inheritance+Support,www.elver.org,org
89,189717,message #60825,Can't print under Linux eclipse 3.0.2,http://dev.eclipse.org/viewcvs/index.cgi/%7Echeckout%7E/platform-swt-home/faq.html#printOnGTK,dev.eclipse.org,org
90,131848,message #41489,C-Build questions,http://www.interstron.ru,www.interstron.ru,ru
91,170676,message #54662,Teneo Build Announcement Thread,http://www.eclipse.org/emft/downloads/?project=teneo&showAll=1&hlbuild=I200707121518#I200707121518,www.eclipse.org,org
92,146314,message #46548,JMerge experiences,http://help.eclipse.org/ganymede/index.jsp?topic=/org.eclipse.emf.doc/references/javadoc/org/eclipse/emf/codegen/merge/java/facade/package-summary.html,help.eclipse.org,org
93,157408,message #50336,Re: Need a multi-column list widget for SWT,http://mtdykeevwpmf.com/,mtdykeevwpmf.com,com
94,117748,message #36571,How about a FillLayout in draw 2D ?,http://www.jguru.com,www.jguru.com,com
95,108559,message #33624,RWT extension,http://www.eclipse.org/legal/epl-v10.html,www.eclipse.org,org
96,120411,message #37523,Project Status,http://www.eclipse.org/webtools/development/contributors.html,www.eclipse.org,org
97,106924,message #33109,PDT not working in 3.3 Europa,http://longlivemusic.blogspot.com,longlivemusic.blogspot.com,blogspot.com
98,143188,message #45427,how to use different bugzilla index page with mylyn,http://host:port/index2.cgi,host:port,
99,178339,message #57080,Nominations Open for the Eclipse Community Awards 2009,http://www.eclipse.org/org/foundation/eclipseawards/index.php,www.eclipse.org,org
100,174152,message #55799,Re: JET1 Editor for EMF Codegen template extensions,https://bugs.eclipse.org/bugs/show_bug.cgi?id=262422,bugs.eclipse.org,org
101,149013,message #47499,[Announce] MDT OCL 1.2.0 I200801031555 is available,http://www.eclipse.org/modeling/mdt/news/relnotes.php?project=ocl&version=I200801031555,www.eclipse.org,org
102,181063,message #57979,Documentation,http://www.eclipse.org/technology/commit.html,www.eclipse.org,org
103,128621,message #40375,[ANN] New MyEclipse Release 3.8.1,http://www.myeclipseide.com/ContentExpress-display-ceid-10.html,www.myeclipseide.com,com
104,188512,message #60444,Specifying dependend update sites to one's own,http://help.eclipse.org/ganymede/index.jsp?topic=/org.eclipse.platform.doc.isv/reference/misc/update_sitemap.html,help.eclipse.org,org
105,107269,message #33205,How to use preprocessor?,http://help.eclipse.org/galileo/index.jsp?topic=/org.eclipse.mtj.doc.user/html/gettingstarted/gettingstarted.html,help.eclipse.org,org
106,201605,message #64703,[Announce] MDT OCL 1.3.0 I200811251600 is available,http://www.eclipse.org/modeling/mdt/downloads/?project=ocl&a;mp;showAll=1&hlbuild=I200811251600#I200811251600,www.eclipse.org,org
107,207793,message #66631,About start up plugin! Thx,http://www.eclipse.org/newsportal/article.php3?id=3194&group=eclipse.platfor,www.eclipse.org,org
108,209683,message #67220,AGR problems with Search dialog,https://bugs.eclipse.org/bugs/show_bug.cgi?id=137965,bugs.eclipse.org,org
109,212788,message #68283,[Announce] EMFT EODM 0.8.0M4 is available,http://www.eclipse.org/modeling/mdt/downloads/?proj=eodm,www.eclipse.org,org
110,215618,message #69170,Deployment issue?,http://dev.eclipse.org/viewcvs/index.cgi/%7Echeckout%7E/platform-swt-home/faq.html#standalone,dev.eclipse.org,org
111,217198,message #69673,re: Deploying servlet on a tomcat,http://www.eclipse.org/equinox/incubator/server/embedding_in_a_servlet_container.php,www.eclipse.org,org
112,219264,message #70359,Re: Accessing bugzilla via XML-RPC,http://twitter.com/eclipsesource,twitter.com,com
113,219825,message #70534,Multiple editor windows for the same file when activating a task - Take 2,http://dev.eclipse.org/newslists/news.eclipse.tools.mylyn/msg01561.html,dev.eclipse.org,org
114,221188,message #71005,Trouble getting XSD sample running,http://dev.eclipse.org/viewcvs/indextools.cgi/org.eclipse.xsd/examples/org.eclipse.xsd.example/,dev.eclipse.org,org
115,221352,message #71065,Profiling A Simple Application,http://www.eclipse.org/newsportal/article.php?id=2046&amp,www.eclipse.org,org
116,223426,message #71726,Equinox beginner,http://www.eclipse.org/equinox/bundles/,www.eclipse.org,org
117,225818,message #72624,PDT 1.0.3 release,http://wiki.eclipse.org/PDT/1.0/New_And_Noteworthy,wiki.eclipse.org,org
118,227902,message #73382,Problems after upgrade,http://www.r3-gis.com,www.r3-gis.com,com
119,228890,message #73682,"Bundle-Classpath: filters on ws, os, arch, is this possible ?",http://wiki.eclipse.org/index.php/Adaptor_Hooks,wiki.eclipse.org,org
120,229995,message #74031,Open java source created by Netbeans GUI form editor,http://www-106.ibm.com/developerworks/websphere/library/techarticles/0303_winchester/winchester.html,www-106.ibm.com,com
121,230120,message #74078,Agent Controller Corrupted Zip?,http://www.eclipse.org/downloads/download.php?file=/tptp/4.1.0.1/TPTP-4.1.0.1/tptpdc.all_platforms-TPTP-4.1.0.1.zip,www.eclipse.org,org
122,231568,message #74589,Taglib Declaration URLs Broken Again?,http://java.sun.com/jsf/html,java.sun.com,com
123,235292,message #75890,"syntax error, unexpected 'version'",http://www.eclipse.org/modeling,www.eclipse.org,org
124,240485,message #77870,Selection Job titile error,http://wiki.eclipse.org/PDT/Installation#Known_Problems,wiki.eclipse.org,org
125,241102,message #78059,Editor not opening .php that contains html,https://bugs.eclipse.org/bugs/show_bug.cgi?id=244205,bugs.eclipse.org,org
126,242106,message #78396,Any objections to placing palette on the left?,http://www.inf-technik.tu-ilmenau.de/~rummler,www.inf-technik.tu-ilmenau.de,de
127,242711,message #78613,WTP M3: Error opening xml document with XML Editor,https://bugs.eclipse.org/bugs/show_bug.cgi?id=81710,bugs.eclipse.org,org
128,247745,message #80256,web.xml: error in empty web project,http://java.sun.com/xml/ns/j2ee,java.sun.com,com
129,252249,message #81709,[ATL]: Getting data from XMI input model,http://www.w3.org/2001/XMLSchema-instance,www.w3.org,org
130,252302,message #81731,Image URI causes error,https://bugs.eclipse.org/bugs/show_bug.cgi?id=99498,bugs.eclipse.org,org
131,252654,message #81838,[QVT] The type 'collection:OrderedSet(EAnnotation)' does not conform the type 'OrderedSet(EAnnotatio,http://www.w3.org/2001/XMLSchema#short,www.w3.org,org
132,253563,message #82112,PDT 1.0.5 release tag in CVS,http://dev.eclipse.org/viewcvs/index.cgi/org.eclipse.pdt/features/org.eclipse.php-feature/?root=Tools_Project&pathrev=R1_0_5_20080723,dev.eclipse.org,org
133,263839,message #85495,Monitoring Incubator Bundles and JMX Access Restrictions,http://wagenknecht.org/,wagenknecht.org,org
134,265592,message #86136,"Eclipse 3.1, Update manager freezes network connection",http://bugs.eclipse.org,bugs.eclipse.org,org
135,267555,message #86775,Editing non PHP file,http://www.w3.org/TR/xhtml1/DTD/xhtml1-strict.dtd,www.w3.org,org
136,269185,message #87365,"no implementation classes of ""java.lang.Object"" have been found!",http://www.eclipse.org/emf/2002/Ecore,www.eclipse.org,org
137,275532,message #89477,No Code Coverage if project name != plugin name,https://bugs.eclipse.org/bugs/show_bug.cgi?id=167226,bugs.eclipse.org,org
138,276515,message #89831,SWT Application included GEF,http://eclipsewiki.swiki.net/50,eclipsewiki.swiki.net,net
139,279137,message #90673,Programming in C and Pascal,http://www.eclipse.org/cdt/,www.eclipse.org,org
140,279299,message #90725,equinox jetty in RCP,http://www.eclipse.org/equinox/server/http_in_equinox.php,www.eclipse.org,org
141,279299,message #90725,equinox jetty in RCP,http://www.eclipse.org/equinox/server/http_writing_application.php,www.eclipse.org,org
142,283133,message #91907,Re: CVS Graph plugin for Eclipse available,http://www.bonevich.com/boneclipse-master/index.html,www.bonevich.com,com
143,284699,message #92396,Still Problem with my server configuration,http://www.w3.org/2001/XMLSchema-instance,www.w3.org,org
144,285297,message #92599,"CDT 2.0M6 install - ""Feature requires plug-in 'org.eclipse.ui.ide'""",http://update.eclipse.org/tools/cdt/updates/builds/2.0M6,update.eclipse.org,org
145,286293,message #92950,help for extends TPTP,http://www.eclipse.org/tptp/test/documents/tutorials/eclipseCon2005/ImprovedEclipseConDemo_ported_TPTP42.zip,www.eclipse.org,org
146,287455,message #93319,Eclispe Plugins,http://www.instantiations.com,www.instantiations.com,com
147,289707,message #94032,[CDO] [0.8.0],http://jakarta.apache.org/jcs/JCSvsEHCache.html,jakarta.apache.org,org
148,292464,message #94909,split screen code editing,https://bugs.eclipse.org/bugs/show_bug.cgi?id=8009,bugs.eclipse.org,org
149,294141,message #95513,BIRT Demo (download),http://ralf-eisenreich.de,ralf-eisenreich.de,de
150,297471,message #96539,Adding SpecializationTypes to Palette by ExtensionPoints,http://help.eclipse.org/help31/topic/org.eclipse.gmf.doc/tutorials/common/Extensible%20Type%20Registry/extensibleTypeRegistryTutorial.html,help.eclipse.org,org
151,298203,message #96773,[Announce] PDT 2.0.1 M200902050834 is available,http://www.eclipse.org/pdt/news/relnotes.php?project=pdt&;version=M200902050834,www.eclipse.org,org
152,303231,message #98343,[TENEO] Problem of mapping when inheritance hierarchy in a stored metamodel,http://www.omg.org/XMI,www.omg.org,org
153,303231,message #98343,[TENEO] Problem of mapping when inheritance hierarchy in a stored metamodel,http://www.eclipse.org/emf/2002/Ecore,www.eclipse.org,org
154,304049,message #98599,adding documentation to eclipse help system,http://www.opera.com/m2/,www.opera.com,com
155,305861,message #99161,Code Assist: completion and subnamespaces bug?,https://bugs.eclipse.org/bugs/show_bug.cgi?id=274322,bugs.eclipse.org,org
156,307757,message #99788,Creation of new subordinate classes in transformation,http://wiki.eclipse.org/ATL/User_Guide#Called_Rules,wiki.eclipse.org,org
157,310295,message #100643,MtATL2009 CfP,http://www.emn.fr/x-info/atlanmod/index.php/MtATL2009,www.emn.fr,fr
158,310782,message #100791,Eclipse does not like taglib tag in web.xml,http://java.sun.com/xml/ns/j2ee/web-app_2_4.xsd,java.sun.com,com
159,310887,message #100855,Eclipse splash,http://www.eclipse.org/artwork/main.html,www.eclipse.org,org
160,311244,message #100966,Integrating EMF And GMF generated editor - please review and comment,http://www.volker-wegert.de/contact,www.volker-wegert.de,de
161,322585,message #104657,Hard to work with osgi.bundles paramter in config.ini,http://wiki.eclipse.org/Net4j,wiki.eclipse.org,org
162,327769,message #106306,Finding bundles,http://www.eclipse.org/orbit/,www.eclipse.org,org
163,328472,message #106564,Limitation in number of nodes in a graph,http://citeseer.nj.nec.com/gansner93technique.html,citeseer.nj.nec.com,com
164,334084,message #108325,Refresh GMF Editor,http://wiki.eclipse.org/index.php/GMF_New_and_Noteworthy#Automatic_dia,wiki.eclipse.org,org
165,334168,message #108350,Closing workbench: catching NPE,http://rafb.net/p/uP20tt28.html,rafb.net,net
166,342443,message #111026,WS authentication,https://adwords.google.com/api/adwords/v2,adwords.google.com,com
167,345985,message #112210,[agr] please explain the meaning of this exception,https://bugs.eclipse.org/bugs/enter_bug.cgi?product=TPTP%20Testing,bugs.eclipse.org,org
168,350851,message #113774,Debugging the GMF generator,http://borisoneclipse.blogspot.com/2007/01/circular-debugging.html,borisoneclipse.blogspot.com,blogspot.com
169,354889,message #115194,Source value can not be null,http://www.eclipse.org/birt/2005/design,www.eclipse.org,org
170,357092,message #115841,Headless plugin,http://www.developertesting.com/archives/month200508/20050823-HeadlessHelloWorldInEclipse.html,www.developertesting.com,com
171,360722,message #117116,Jetty + HTTPS,http://dev.eclipse.org/newslists/news.eclipse.technology.equinox/msg02575.html,dev.eclipse.org,org
172,364689,message #118476,New RWT graphic widget GCCanvas,https://bugs.eclipse.org/bugs/show_bug.cgi?id=261355,bugs.eclipse.org,org
173,374985,message #121809,Path resolution in Eclipse,http://dev.eclipse.org/bugs/show_bug.cgi?id=22517,dev.eclipse.org,org
174,377255,message #122644,M5: Ant doesn't find tools.jar in some cases,https://bugs.eclipse.org/bugs/show_bug.cgi?id=47422,bugs.eclipse.org,org
175,377461,message #122724,M3 feature 36967 - eclipse as general platform,https://bugs.eclipse.org/bugs/show_bug.cgi?id=36967,bugs.eclipse.org,org
176,379513,message #123393,Problems using XMLEditor with an IEditorInput that doesn't stem from a file.,https://bugs.eclipse.org/bugs/enter_bug.cgi?product=Web%20Tools&component=wst.sse,bugs.eclipse.org,org
177,380279,message #123636,[EMF Compare] False positives on multivalued EReferences with containment=false,https://bugs.eclipse.org/bugs/show_bug.cgi?id=235606,bugs.eclipse.org,org
178,384299,message #124938,color,http://java.sun.com/docs/books/tutorial/2d/index.html,java.sun.com,com
179,386979,message #125750,Generating Java Web Service code from WS-I BP 1.1-compliant WSDL,http://www.thinktecture.com/WSCF/,www.thinktecture.com,com
180,387724,message #125996,Abbot as a vehicle for testing GEF?,http://www.eclipse.org/hyades/,www.eclipse.org,org
181,390664,message #127010,[ANN] CodePro WebCast Thursday 1:00pm EDT,http://www.instantiations.com,www.instantiations.com,com
182,394263,message #128201,[p2] no repository found,https://bugs.eclipse.org/bugs/show_bug.cgi?id=270749,bugs.eclipse.org,org
183,404971,message #131618,importing packages,http://wiki.eclipse.org/Platform_Command_Framework,wiki.eclipse.org,org
184,406590,message #132161,NPE in ComposedAdapterFactory.adapt,https://bugs.eclipse.org/bugs/show_bug.cgi?id=261135,bugs.eclipse.org,org
185,412225,message #133952,[Announce] EMFT MWE 0.7.0 I200903100650 is available,http://www.eclipse.org/modeling/emft/news/relnotes.php?project=mwe&version=I200903100650,www.eclipse.org,org
186,418993,message #136159,"Adding popup menu to ""Source"" submenu of IJavaProject context menu",http://www.cs.ubc.ca/labs/spl/projects/hipikat/downloads.html,www.cs.ubc.ca,ca
187,420099,message #136517,Charts in HTML,http://www.birt.eclipse.org/ChartModelLayout,www.birt.eclipse.org,org
188,420828,message #136790,[Announce] EMFT MWE 0.7.0RC2 is available,http://www.eclipse.org/modeling/emft/news/relnotes.php?project=mwe&version=0.7.0RC2,www.eclipse.org,org
189,421015,message #136859,[EMF Compare] New metamodel API & Detecting changes to specific model elements,https://bugs.eclipse.org/bugs/show_bug.cgi?id=233451,bugs.eclipse.org,org
190,421778,message #137125,feature requests,http://www.genady.net/rmi/,www.genady.net,net
191,425978,message #138421,Category Series Interactivity,https://bugs.eclipse.org/bugs/show_bug.cgi?id=119136,bugs.eclipse.org,org
192,429718,message #139684,"GTK , Eclipse 3.3 VE",http://tinyurl.com/2bkqcn,tinyurl.com,com
193,430712,message #140019,So happy I cried..... almost,http://www.gnu.org/software/src-highlite,www.gnu.org,org
194,433130,message #140775,linux crossdevelopment using cdt,http://www.linux-automation.de/konferenz,www.linux-automation.de,de
195,434954,message #141371,[SingleSourcing] Click Button programmatically - also in RCP,http://www.eclipsesource.com,www.eclipsesource.com,com
196,435339,message #141486,Failed to install target,http://twitter.com/eclipsesource,twitter.com,com
197,435922,message #141667,"""Top-down"" tutorial gives error IWAB0014E",https://bugs.eclipse.org/bugs/show_bug.cgi?id=82037,bugs.eclipse.org,org
198,437332,message #142104,Simple Bookmarks,http://aouw.org,aouw.org,org
199,448184,message #145237,updating .gmfmap,http://longlivemusic.blogspot.com,longlivemusic.blogspot.com,blogspot.com
200,449208,message #145532,source window not linked with debugger,http://www.eclipse.org/newsportal/article.php?id=15122&group=eclipse.platform,www.eclipse.org,org
201,452974,message #146646,finding resource from GefEditPart,http://www.opera.com/m2/,www.opera.com,com
202,456548,message #147592,Notice of migration limitations from WTP 0.7 to WTP 1.0,http://www.eclipse.org/webtools/jst/components/j2ee/proposals/WTPFlexibl=,www.eclipse.org,org
203,460667,message #148825,Associating java file with eclipse does not work,http://www.jibeinc.com,www.jibeinc.com,com
204,466506,message #150580,customize response element name - tomcat,http://schemas.xmlsoap.org/soap/envelope/,schemas.xmlsoap.org,org
205,472214,message #152214,All Plugin,http://www.eclipse.org/webtools/,www.eclipse.org,org
206,473148,message #152492,Thanks for that little thing called exit value,https://bugs.eclipse.org/bugs/show_bug.cgi?id=49887,bugs.eclipse.org,org
207,478855,message #154190,WTP 1.0 No EJB Client Jar Module created,https://bugs.eclipse.org/bugs/show_bug.cgi?id=122272,bugs.eclipse.org,org
208,487205,message #156639,Iterate through Diagram roots,http://enigmail.mozdev.org,enigmail.mozdev.org,org
209,489658,message #157344,HTML widget control,http://dev.eclipse.org/viewcvs/index.cgi/%7Echeckout%7E/gef-home/team/wysiwyg.html?cvsroot=Tools_Project,dev.eclipse.org,org
210,496713,message #159359,Callisto install without Update Manager,http://wiki.eclipse.org/index.php/Linux_Distributions_Project/Proposal#Issue_One_.E2.80.93_Eclipse_Installation_on_Linux,wiki.eclipse.org,org
211,503732,message #161482,PicoConchaSuMadre,http://openrules.com,openrules.com,com
212,508428,message #162803,Excluding sub directories from build,https://bugs.eclipse.org/bugs/show_bug.cgi?id=109080,bugs.eclipse.org,org
213,512215,message #163921,Is it possible to generate reports in Excel Format,https://sourceforge.net/projects/tribix/,sourceforge.net,net
214,526973,message #168286,read from an xml data source problem,https://bugs.eclipse.org/bugs/show_bug.cgi?id=124989,bugs.eclipse.org,org
215,530778,message #169373,WS-I validation seems not to work,http://www.ws-i.org/Testing/Tools/2004/12/AP10_BP11_SSBP10_TAD.xml,www.ws-i.org,org
216,533705,message #170204,Need Help download..totally new to Eclipse,http://wiki.eclipse.org/index.php/FAQ_How_do_I_run_Eclipse%3F,wiki.eclipse.org,org
217,534875,message #170494,Managed build dependency generation broken on Windows with 3.1.0 RC1?,https://bugs.eclipse.org/bugs/show_bug.cgi?id=109289,bugs.eclipse.org,org
218,538981,message #171680,Sharing project properties between developpers,http://www.eclipse.org/downloads/index.php,www.eclipse.org,org
219,541550,message #172487,HTTP-logging plugin?,http://www.eclipse-plugins.info,www.eclipse-plugins.info,info
220,542043,message #172638,WTP doesn't display RPC SOAP Response?,http://xaware.com/Person,xaware.com,com
221,542524,message #172782,editor background color,https://bugs.eclipse.org/bugs/show_bug.cgi?id=13813,bugs.eclipse.org,org
222,543883,message #173171,[Announcement] Applied Metamodelling Book,http://www.ceteva.com/forum,www.ceteva.com,com
223,547648,message #174227,Debugging program,http://www.keil.com/support/docs/2467.asp?bhcp=1,www.keil.com,com
224,547648,message #174227,Debugging program,http://gcc.gnu.org/onlinedocs/gcc-3.1/gcc/Option-Index.html#Option%20Index,gcc.gnu.org,org
225,549622,message #174773,Extending managed makefile projects for cross-compilation,http://www.gaisler.com/cms4_5_3/index.php?option=com_content&task=view&id=148&Itemid=31,www.gaisler.com,com
226,559862,message #177896,How does the Debugger find program arguments?,http://www.eclipse.org/articles/Article-Java-launch/launching-java.html,www.eclipse.org,org
227,567549,message #180249,The Tiger has been unleashed,http://www.genady.net/,www.genady.net,net
228,573072,message #181871,APT workalike based on APT?,http://java.sun.com/j2se/1.5.0/docs/guide/apt/GettingStarted.html,java.sun.com,com
229,575616,message #182594,OSGi - references cannot be resolved,http://xmlbuddy.com/,xmlbuddy.com,com
230,577539,message #183155,"XML, XHTML editing, indenting",http://bugs.eclipse.org,bugs.eclipse.org,org
231,579222,message #183573,"FAQ For ""The import XXX cannot be resolved"" when browsing source?",http://www.eclipsefaq.org/chris/faq/html/faq104.html,www.eclipsefaq.org,org
232,580058,message #183783,creating a diagram,http://www.omg.org/XMI,www.omg.org,org
233,580230,message #183827,Ctreate new cdt project by code.,https://bugs.eclipse.org/bugs/show_bug.cgi?id=160012,bugs.eclipse.org,org
234,585093,message #185211,Automatic Update Issue,https://bugs.eclipse.org/bugs/show_bug.cgi?id=167016,bugs.eclipse.org,org
235,586363,message #185654,WTP 2.0 M4 Declared,https://bugs.eclipse.org/bugs/show_bug.cgi?id=169723,bugs.eclipse.org,org
236,588490,message #186232,Does Call Hierarchy work?,https://bugs.eclipse.org/bugs/show_bug.cgi?id=175267,bugs.eclipse.org,org
237,589008,message #186355,Database Connection Dialog,http://enigmail.mozdev.org,enigmail.mozdev.org,org
238,590662,message #186838,Creating a web service client,http://java.sys-con.com/read/180402.htm,java.sys-con.com,com
239,591903,message #187276,Why my workspace plugin doesn't get activated?,http://enigmail.mozdev.org,enigmail.mozdev.org,org
240,593099,message #187621,Copy/Paste for compartment items...,http://www.eclipse.org/gmf/runtime/1.0.1/notation,www.eclipse.org,org
241,594089,message #187875,default widget sizes?,http://enigmail.mozdev.org,enigmail.mozdev.org,org
242,600148,message #189674,WSGEN :  WSDL URL in axisclient.properties,http://soap.amazon.com/schemas2/AmazonWebServices.wsdl,soap.amazon.com,com
243,603739,message #190735,How to make editor aware of model changes?,http://www.brs4etish.blogspot.com,www.brs4etish.blogspot.com,blogspot.com
244,607119,message #191740,CVS pre-commit hook,http://www.frightanic.com,www.frightanic.com,com
245,607748,message #191902,WST XML editor schema finding using name of the schema,http://www.w3.org/2001/XMLSchema-instanceTest,www.w3.org,org
246,610848,message #192833,turning off code completion?,http://www.zclipse.org/projects/tabnavigator/,www.zclipse.org,org
247,614732,message #194053,GMF validation issue,http://www.clearsy.com/eventb/1.0,www.clearsy.com,com
248,620933,message #195869,Empty driver list while adding JPA connection,http://stuff.cmd.nu/eclipse_jpa.png,stuff.cmd.nu,nu
249,622370,message #196357,"I need validation ,  OCL doesn`t work.I can do that in Java?",http://www.eclipse.org/newsportal/article.php?id=13899&group=eclipse.modeling.gmf#13899,www.eclipse.org,org
250,628747,message #198304,get webapp root folder,http://www.eclipse.org/webtools/faq/TomcatServerFAQ.php,www.eclipse.org,org
251,629875,message #198633,Does Eclipse has Swing GUI builder?,http://www.swingdesigner.com/,www.swingdesigner.com,com
252,634389,message #199925,Getting diff of changes per checkin on Eclipse CVS repository ?,http://wiki.eclipse.org/index.php/Development_Resources,wiki.eclipse.org,org
253,642098,message #202216,problems with the update site,http://www.lorenzobettini.it,www.lorenzobettini.it,it
254,648439,message #204127,how to align plot in pie chart?,http://www.birt.eclipse.org/ChartModelType,www.birt.eclipse.org,org
255,650882,message #204814,"[BUG??] How to display Unicode character in ""Console""?",https://bugs.eclipse.org/bugs/show_bug.cgi?id=37107,bugs.eclipse.org,org
256,653765,message #205637,WSDL validation: help please.,http://www.w3.org/2000/10/XMLSchema,www.w3.org,org
257,659913,message #207398,Terminating application in eclipse console,https://bugs.eclipse.org/bugs/show_bug.cgi?id=38016,bugs.eclipse.org,org
258,662119,message #208021,Understanding JDT implementation,http://eclipsecon.org/2005/presentations/EclipseCON2005_Tutorial29.pdf,eclipsecon.org,org
259,663216,message #208325,Eclipse 3.1 -A Console is not available,https://bugs.eclipse.org/bugs/show_bug.cgi?id=100700,bugs.eclipse.org,org
260,668692,message #209981,EMFCompositePropertySource instead of PropertySource in XXXPropertySection,https://bugs.eclipse.org/bugs/show_bug.cgi?id=252963,bugs.eclipse.org,org
261,681712,message #213882,javadocs null for duplicate fields and methods,https://bugs.eclipse.org/bugs/,bugs.eclipse.org,org
262,684858,message #214765,Adding your own ANT files as builders,https://bugs.eclipse.org/bugs/show_bug.cgi?id=72811,bugs.eclipse.org,org
263,687403,message #215514,Diagram without Resource,http://www.myDomain.com/myProject/myDiagram,www.myDomain.com,com
264,688197,message #215765,Viewer Integration - URL problems..,http://digiassn.blogspot.com/2007_02_01_archive.html,digiassn.blogspot.com,blogspot.com
265,689402,message #216081,Web Standard Tools (WST) Project SDK 3.0?,https://bugs.eclipse.org/bugs/show_bug.cgi?id=241126,bugs.eclipse.org,org
266,689552,message #216131,GMF printing all diagrams in a project with a  single click,http://cyberpen.wordpress.com/2008/07/27/print-all-gmf-diagrams-with-a-single-click/,cyberpen.wordpress.com,com
267,698058,message #218619,add a figure in a gmf file programmatically,http://www.ibm.com/developerworks/opensource/library/os-ecl-gmf/,www.ibm.com,com
268,699590,message #219057,Ganymede JEE - Tomcat 6.0 Server Plugin,http://tomcat.apache.org/tomcat-6.0-doc/logging.html,tomcat.apache.org,org
269,702675,message #219917,Problems with Daylight Savings Time,http://dev.eclipse.org/mhonarc/lists/eclipse-dev/msg00266.html,dev.eclipse.org,org
270,702912,message #219997,Custom ODA driver in BIRT rptdesign,http://www.eclipse.org/birt/report/model/adapter/odaModel,www.eclipse.org,org
271,709099,message #221785,autotools plugin and CDT 5,http://tronprog.blogspot.com,tronprog.blogspot.com,blogspot.com
272,710264,message #222125,Problems in creating SpecializationType because DefaultContainmentFeatures() aren't set and getCreat,http://dev.eclipse.org/newslists/news.eclipse.technology.gmf/msg0=,dev.eclipse.org,org
273,712924,message #222813,"""Problems"" item won't go away",http://java.sun.com/jsp/jstl/fmt,java.sun.com,com
274,720003,message #225038,Jars for running dynamic web app,http://wiki.eclipse.org/WTP_Tomcat_FAQ,wiki.eclipse.org,org
275,720637,message #225217,Using a custom DTD with the HTML Editor,http://www.w3.org/QA/2002/04/valid-dtd-list.html#DTD,www.w3.org,org
276,729643,message #228103,Programatically refactoring,http://www.eclipse.org/dsdp/dd,www.eclipse.org,org
277,729938,message #228225,Jsp formatter/indenti problems,http://pastebin.com/f8b441ed,pastebin.com,com
278,734795,message #229670,Why is download.eclipse.org giving 403 errors?,http://wiki.eclipse.org/index.php/WebMaster,wiki.eclipse.org,org
279,739575,message #231164,problems with the 3.3 RCP-europe version,http://download.eclipse.org/eclipse/downloads/drops/M20070905-1045/testResults.php,download.eclipse.org,org
280,740153,message #231363,Standalone SWT charts/graphs from birt,http://icu-project.org/,icu-project.org,org
281,741473,message #231776,Managing XML Datasource with subgroups.,http://dev.eclipse.org/newslists/news.eclipse.birt/msg12613.html,dev.eclipse.org,org
282,751199,message #234592,Remote C development,http://www.eclipse.org/cdt,www.eclipse.org,org
283,752603,message #235004,Standalone GEF,http://www.notesfromatooluser.com/2006/11/scrum_in_a_nuts.html,www.notesfromatooluser.com,com
284,756602,message #236230,Use same ECORE class with different creation tools,http://www.eclipse.org/gmf/2005/ToolDefinition,www.eclipse.org,org
285,761733,message #237624,"""Synchronize"" is unacceptable long",https://bugs.eclipse.org/bugs/show_bug.cgi?id=60692,bugs.eclipse.org,org
286,763673,message #238148,Platfrom.asLocalURL() bug?,http://www.dreinhalb.de,www.dreinhalb.de,de
287,764614,message #238431,multiple column report - again,http://www.eclipse.org/birt/2005/design,www.eclipse.org,org
288,766616,message #238990,RCP standalone application,http://dev.eclipse.org/viewcvs/index.cgi/%7Echeckout%7E/org.eclipse.ui.examples.rcp.browser/readme.html,dev.eclipse.org,org
289,774136,message #241023,which eclipse to use,http://download.eclipse.org/tools/cdt/releases/europa,download.eclipse.org,org
290,775507,message #241373,Showing XML file in Tree Format in a new View,http://dev.eclipse.org/viewcvs/index.cgi/%7Echeckout%7E/platform-swt-home/dev.html#snippets,dev.eclipse.org,org
291,779908,message #242577,Newbie needs some basic info,http://www13.plala.or.jp/observe/GEF/,www13.plala.or.jp,or.jp
292,784268,message #243764,M9: fragment's installURL,http://openrules.com,openrules.com,com
293,789319,message #245371,How to make webproject standalone - tomcat5.5 and mysql,http://planeteclipse.net/articles/Article-EclipseDbWebapps/article.html,planeteclipse.net,net
294,793108,message #246606,[Announce] GEF 3.5.0M4 is available,http://www.eclipse.org/gef/downloads/?project=gef&showAll=1&hlbuild=S200812171720#S200812171720,www.eclipse.org,org
295,793878,message #246809,open file in existing Eclipse instance,https://bugs.eclipse.org/bugs/show_bug.cgi?id=4922,bugs.eclipse.org,org
296,796789,message #247713,Java class location for a scripted data source,https://bugs.eclipse.org/bugs/show_bug.cgi?id=190500,bugs.eclipse.org,org
297,797011,message #247778,How to access the ASTs that Eclipse uses?,http://www.eclipse.org/articles/article.php?file=Article-JavaCodeManipulation_AST/index.html,www.eclipse.org,org
298,798743,message #248330,1st CBT Based GEF Reference Material Launched !!,http://www.ancitconsulting.com/gefcontent/brochure.pdf,www.ancitconsulting.com,com
299,811274,message #252083,How to find release notes between 3.3.1.1 and 3.3.2?,http://www.eclipse.org/eclipse/development/readme_eclipse_3.3.2.html#DefectsFixed,www.eclipse.org,org
300,825861,message #256521,sum of the datasets,http://www.birt-exchange.com,www.birt-exchange.com,com
301,827921,message #257119,"Where is the ""3.0 porting guide""?",http://www.eclipsepowered.org/archives/2004/06/30/eclipse-30-plug-in-migration-guide/,www.eclipsepowered.org,org
302,832554,message #258477,eclipse 3.0 hangs on winxp,https://bugs.eclipse.org/bugs/show_bug.cgi?id=12827,bugs.eclipse.org,org
303,838515,message #260367,client side javascript function not added??,http://www.eclipse.org/birt/2005/design,www.eclipse.org,org
304,840091,message #260935,Failed dataset parameter binding,http://www.eclipse.org/birt/2005/design,www.eclipse.org,org
305,840091,message #260935,Failed dataset parameter binding,http://www.birt.eclipse.org/ChartModelAttribute,www.birt.eclipse.org,org
306,842155,message #261567,Reg:Connectivity option in the preference section,http://wiki.eclipse.org/index.php/User:Nickb,wiki.eclipse.org,org
307,844314,message #262207,linux update requires access to /build?,https://bugs.eclipse.org/bugs/enter_bug.cgi?product=equinox&amp;component=p2,bugs.eclipse.org,org
308,846392,message #262877,Using Birt Web Viewer with Scripted Datasources on JBoss,http://www.eclipse.org/birt/2005/design,www.eclipse.org,org
309,852933,message #264815,[ANNOUNCE]Visual Editor Milestone 2 Available,http://download.eclipse.org/tools/ve/downloads/drops/S-1.0M2-200407301410/index.html,download.eclipse.org,org
310,863263,message #267934,Eclipse for 64 bit Vista,http://dev.eclipse.org/newslists/news.eclipse.technology.packaging/msg00213.html,dev.eclipse.org,org
311,866125,message #268858,word wrapping in text editor,http://tronprog.blogspot.com,tronprog.blogspot.com,blogspot.com
312,867469,message #269268,Eclipse Training Series - Apr. 6-May 29,http://www.eclipse.org/go/training_spring09@ngmar11,www.eclipse.org,org
313,868530,message #269592,Stack Overflow when typing JSP source annoys me,https://bugs.eclipse.org/bugs/show_bug.cgi?id=271506,bugs.eclipse.org,org
314,869943,message #269993,Upgrading Eclipse,http://doublecpp.sourceforge.net,doublecpp.sourceforge.net,net
315,872987,message #270854,Install Software Window prompts for username/password??,http://eclipsesource.com,eclipsesource.com,com
316,874747,message #271367,How to manually install plugins in 3.5RC3?,http://download.forge.objectweb.org/eclipse-update/,download.forge.objectweb.org,org
317,875134,message #271472,How to wrap lines in Eclipse editor,https://bugs.eclipse.org/bugs/show_bug.cgi?id=35779,bugs.eclipse.org,org
318,880523,message #273031,commit sets - intended behaviour ?,https://bugs.eclipse.org/bugs/show_bug.cgi?id=74683,bugs.eclipse.org,org
319,880905,message #273150,Emacs integration into Eclipse.,http://people.csail.mit.edu/people/adonovan/hacks/eclipse-emacs.html,people.csail.mit.edu,edu
320,885152,message #274300,Disable logging,http://dev.eclipse.org/newslists/news.eclipse.birt/msg12005.html,dev.eclipse.org,org
321,893193,message #276482,"Problem with the Welcome page, 3.0",http://help.eclipse.org/help30/index.jsp?topic=/org.eclipse.platform.doc.isv/reference/extension-points/org_eclipse_core_runtime_products.html,help.eclipse.org,org
322,895773,message #277141,Newbie questions,http://eclipsepluginscentral.com,eclipsepluginscentral.com,com
323,899484,message #278041,"""java.lang.ClassNotFoundException"" When loading an editor",http://eclipsefaq.org,eclipsefaq.org,org
324,900954,message #278398,Problem with 3.0.1,https://bugs.eclipse.org/bugs/show_bug.cgi?id=81803,bugs.eclipse.org,org
325,904234,message #279379,how to add a site for update?,https://bugs.eclipse.org/bugs/show_bug.cgi?id=69008,bugs.eclipse.org,org
326,905062,message #279599,Resource Navigator id,http://dices.web.ctonet.it/images/my.gif,dices.web.ctonet.it,it
327,907386,message #280191,"javax.comm, commapi, serial ports within eclipse",http://users.frii.com/jarvi/rxtx/index.html,users.frii.com,com
328,916590,message #282740,[jface] no error from imageRegistry,http://www.ariva.de,www.ariva.de,de
329,935412,message #287655,patch feature,https://bugs.eclipse.org/bugs/show_bug.cgi?id=103015,bugs.eclipse.org,org
330,937968,message #288391,FormEditor Bug #104002,https://bugs.eclipse.org/bugs/show_bug.cgi?id=104002,bugs.eclipse.org,org
331,939305,message #288798,Class.forName(...),https://bugs.eclipse.org/bugs/show_bug.cgi?id=87775,bugs.eclipse.org,org
332,942513,message #289639,How to get reference to an ActionSet ?,https://bugs.eclipse.org/bugs/show_bug.cgi?id=106750,bugs.eclipse.org,org
333,944708,message #290239,Help system on Live-CDROMs,http://help.eclipse.org/help31/index.jsp?topic=/org.eclipse.platform.doc.isv/reference/misc/help_standalone.html,help.eclipse.org,org
334,963359,message #295651,crosstab refresh data cube,https://bugs.eclipse.org/bugs/show_bug.cgi?id=208511,bugs.eclipse.org,org
335,967094,message #296637,"missing articles: TableViewer, TreeViewer, and especially TreeViewer-with-TreeColumns",http://www.eclipse.org/articles/index.php,www.eclipse.org,org
336,981130,message #300798,Problem with generics reported errors at 3.2m5a,https://bugs.eclipse.org/bugs/,bugs.eclipse.org,org
337,993694,message #304144,Classpath Update,http://m2eclipse.codehaus.org/,m2eclipse.codehaus.org,org
338,994072,message #304243,Problem with upgrade from 3.0.2 version to 3.1,http://download.eclipse.org,download.eclipse.org,org
339,998516,message #305544,Unsigned updates on Callisto,http://wiki.eclipse.org/index.php/JAR_Signing,wiki.eclipse.org,org
340,1004332,message #307078,drawing on the eclipse editor,http://www.opera.com/mail/,www.opera.com,com
341,1010837,message #308941,Prequisite-using Plugin Build Problems,http://help.eclipse.org/help32/index.jsp?topic=/org.eclipse.pde.doc.user/guide/tasks/pde_custom_callbacks.htm,help.eclipse.org,org
342,1019635,message #311395,org.eclipse.test.performance plugin,http://dev.eclipse.org/viewcvs/index.cgi/org.eclipse.releng.basebuilder/plugins/org.eclipse.test.performance.ui/readme.html?revision=HEAD,dev.eclipse.org,org
343,1022922,message #312399,Problems with Eclipse environment,http://www.eclipse.org/forums/index.php?t=msg&goto=527366&#msg_527366,www.eclipse.org,org
344,1025304,message #313155,Simple resource question -> FileNotFoundException when loading icon,http://wiki.eclipse.org/index.php/FAQ_How_do_I_create_an_image_registry_=,wiki.eclipse.org,org
345,1026103,message #313346,Eclipse crash,http://java.sun.com/webapps/bugreport/crash.jsp,java.sun.com,com
346,1033323,message #315555,Strange scrollbar in tree (with column) - bug?,https://bugs.eclipse.org/bugs/show_bug.cgi?id=187029,bugs.eclipse.org,org
347,1034825,message #315962,.svn build issues - Resource Filter not ignoring .svn folder,http://bugs.eclipse.org/bugs/show_bug.cgi?id=154693,bugs.eclipse.org,org
348,1035728,message #316251,sun.misc package and Eclipse 3.3,http://jakarta.apache.org/commons/codec/,jakarta.apache.org,org
349,1036098,message #316345,[DataBinding] Any examples of Table Scenario 5?,http://wiki.eclipse.org/index.php/JFace_Data_Binding/Scenarios#Committed_Items_5,wiki.eclipse.org,org
350,1038573,message #317150,eclipse 3.3 support for Windows x86_64,http://www.eclipse.org/eclipse/development/eclipse_project_plan_3_3.html#TargetOperatingEnvironments,www.eclipse.org,org
351,1043915,message #318832,SafeRunnable and ListenerList remove of listener on Exception,http://wiki.eclipse.org/Menu_Contributions,wiki.eclipse.org,org
352,1044072,message #318877,Source for the minimal Eclipse configuration,http://dev.eclipse.org/viewcvs/index.cgi/org.eclipse.osgi/,dev.eclipse.org,org
353,1045136,message #319260,Re: How to control status bar height?,http://wiki.eclipse.org/Menu_Contributions,wiki.eclipse.org,org
354,1047076,message #319865,eclipse 3.3 - problem attaching a command to a context menu using org.eclipse.ui.menus extension poi,http://wiki.eclipse.org/Menu_Contributions,wiki.eclipse.org,org
355,1048415,message #320259,EditorManager.findEditor,https://bugs.eclipse.org/bugs/enter_bug.cgi?product=Platform&component=UI,bugs.eclipse.org,org
356,1049083,message #320476,problem with visibility of global commands - Eclipse 3.3,http://wiki.eclipse.org/Command_Core_Expressions,wiki.eclipse.org,org
357,1049543,message #320619,How to determine PageBookView from an enclosed Page,http://wiki.eclipse.org/Menus_Extension_Mapping,wiki.eclipse.org,org
358,1052779,message #321724,Risks using Eclipse platform,http://sourceforge.net/docman/display_doc.php?docid=30034&am;p;group_id=145988,sourceforge.net,net
359,1052875,message #321754,Adding to File > New menu,http://help.eclipse.org/help33/index.jsp?topic=/org.eclipse.platform.doc.isv/guide/workbench.htm,help.eclipse.org,org
360,1052976,message #321785,Export wizard icon (small arrow at bottom corner),http://wiki.eclipse.org/UI_Graphics_:_Design_:_Common_Elements,wiki.eclipse.org,org
361,1053384,message #321908,I am about to throw my computer out of the window with Eclipse on it,https://bugs.eclipse.org/bugs/show_bug.cgi?id=207108,bugs.eclipse.org,org
362,1053482,message #321938,Using update site build for product,http://www.drishti-soft.com,www.drishti-soft.com,com
363,1053588,message #321981,Eclipse 3.4 M3 is available,http://www.eclipse.org/eclipse/development/eclipse_project_plan_3_4.html,www.eclipse.org,org
364,1059755,message #323831,"Adding stacked views to an existing perspective via ""perspectiveExtensions""",http://wiki.eclipse.org/Platform_Command_Framework,wiki.eclipse.org,org
365,1064279,message #325370,"Template preference page, auto insert column label",https://bugs.eclipse.org/219319,bugs.eclipse.org,org
366,1065742,message #325846,extension points in org.eclipse.ltk.core.refactoring,http://wiki.eclipse.org/Platform_Command_Framework,wiki.eclipse.org,org
367,1066110,message #325979,Perspectives and Views,http://wiki.eclipse.org/FAQ_Why_can%27t_I_control_when%2C_where%2C_and_how_my_view_is_presented%3F,wiki.eclipse.org,org
368,1066819,message #326180,Dynamically open a view and an editor,http://wiki.eclipse.org/Command_Core_Expressions,wiki.eclipse.org,org
369,1066963,message #326217,How to contribute a dynamic menu,http://wiki.eclipse.org/Command_Core_Expressions,wiki.eclipse.org,org
370,1068232,message #326548,Programatically evaluating expressions,http://wiki.eclipse.org/Command_Core_Expressions,wiki.eclipse.org,org
371,1069723,message #327090,Re: java.lang.UnsatisfiedLinkError: no localfile_1_0_0 in java.library.path,https://bugs.eclipse.org/bugs/show_bug.cgi?id=203812,bugs.eclipse.org,org
372,1071576,message #327667,May I customize Problems view for markers?,http://help.eclipse.org/help33/index.jsp?topic=/org.eclipse.platform.doc.isv/guide/workbench.htm,help.eclipse.org,org
373,1076167,message #329037,Dynamic drop-down menu for a toolitem,http://wiki.eclipse.org/Menu_Contributions/Dropdown_Command,wiki.eclipse.org,org
374,1077764,message #329521,"3.4 x64 Windows Vista x64 - Only works when launched via ""Run as Administrator?""",http://aaron-kelley.net/!!stuff/eclipse_bork.png,aaron-kelley.net,net
375,1079385,message #329989,RCP as Windows Service,http://dev.eclipse.org/blogs/francis,dev.eclipse.org,org
376,1082812,message #330981,Enabling or disabling command handler based on selection,http://wiki.eclipse.org/Common_Navigator_Framework_Use_Cases,wiki.eclipse.org,org
377,1084203,message #331384,Update manager from command line,http://update.eclipse.org/updates/3.0,update.eclipse.org,org
378,1086185,message #331953,What is a IWorkbenchPage object stands for in RCP or Eclipse,http://www.eclipse.org/articles/,www.eclipse.org,org
379,1086468,message #332036,Embed  Eclipse editor into Java Swing application?,http://wiki.eclipse.org/Menus_Extension_Mapping,wiki.eclipse.org,org
380,1089631,message #332968,Contributing org.eclipse.ui.menus to actionSets,http://wiki.eclipse.org/Command_Core_Expressions,wiki.eclipse.org,org
381,1094722,message #334525,Load my plugin at startup in particular order,http://wiki.eclipse.org/Menus_Extension_Mapping,wiki.eclipse.org,org
