,file_number,message_id,topic,author,link,domain,top_level_domain
0,2483,message #655,M2M and ATL,Markus Voelter,http://www.voelter.de/data/MarkusVoelter.gpg,www.voelter.de,de
1,5904,message #1499,"Target Management: Monday, June 27, conference call at 9am pacific",Eclipse User,http://ti.webex.com,ti.webex.com,com
2,8301,message #2151,Some questions,Scott Stanchfield,http://eclipse.org/vep,eclipse.org,org
3,9135,message #2391,Any more information?,Eclipse User,http://www.eclipse.org/proposals/eclipse-ohf/,www.eclipse.org,org
4,9145,message #2400,Does VE also run under 3.0M4?  2.1.2 is listed as a prerequisite?,David J. Orme,http://www.swtworkbench.com,www.swtworkbench.com,com
5,9804,message #2590,[PROJECT] - Phased Adoption Framework,Eclipse User,http://lazaridis.com,lazaridis.com,com
6,10091,message #2676,[PROJECT] - Collaboration and Government Infrastructure  (CAGI),Eclipse User,http://www.eclipse.org/newsportal/article.php?id=100&group=eclipse.foundation,www.eclipse.org,org
7,11294,message #3064,A web interface is also needed,Joel Rosi-Schwartz,https://useme.dev.java.net,useme.dev.java.net,net
8,11674,message #3164,org.eclipse.core.runtime 0 java.lang.NullPointerExceptio,Eclipse User,http://eclipse.org/ajdt,eclipse.org,org
9,14105,message #3895,Re-throwing an error,Sasha Slijepcevic,http://rtsc.eclipse.org/cdoc-tip/xdc/runtime/Error.html#raise,rtsc.eclipse.org,org
10,14244,message #3943,[ANN] STRECL Source available,Eclipse User,http://www.strecl.com,www.strecl.com,com
11,14308,message #3966,Relationship between MyEclipse and the Web Tools Project,Eclipse User,http://www.myeclipseide.com,www.myeclipseide.com,com
12,14620,message #4069,[Proposal] GUI language,Eclipse User,http://groups.yahoo.com/group/xmltalk-dev/,groups.yahoo.com,com
13,14689,message #4080,Project Creation / Project Website,Eclipse User,http://www.eclipse.org/epp,www.eclipse.org,org
14,15593,message #4362,Creating a generic editor for an XML Schema,Eclipse User,http://www.eclipse.org/emf,www.eclipse.org,org
15,16916,message #4816,q4e 0.5.0 released,Abel Mui,http://q4e.googlecode.com/svn/trunk/updatesite/,q4e.googlecode.com,googlecode.com
16,18305,message #5234,Announcement: IBM DTFJ adapter for Memory Analyzer Tool,Andrew Johnson,http://www.ibm.com/developerworks/java/jdk/tools/mat.html,www.ibm.com,com
17,19678,message #5670,Commercial issues,Eclipse User,http://www.eclipse.org/proposals/eclipse-jsf/index.html,www.eclipse.org,org
18,19853,message #5710,"[ANN] v4.1 - SWT Designer, Swing Designer & WindowBuilder",Eric Clayberg,http://www.windowbuilderpro.com/,www.windowbuilderpro.com,com
19,21440,message #6116,Download ?,Joel Rosi-Schwartz,http://wiki.eclipse.org/,wiki.eclipse.org,org
20,22582,message #6520,Service non responding,Cristoforo,http://shangrila.parityinc.net:8888/TokenServiceDocs/windows_config.zip,shangrila.parityinc.net:8888,net
21,24084,message #6998,xs:import problem,Eclipse User,http://www.w3.org/XML/1998/namespace,www.w3.org,org
22,24384,message #7069,smlfn:deref in assert,Eclipse User,http://schemas.serviceml.org/sml/function/2006/07,schemas.serviceml.org,org
23,29759,message #8734,How do I update the list of milestones,Eclipse User,http://www.eclipse.org/mylyn/bugs/,www.eclipse.org,org
24,32678,message #9611,Community activity,Ryan D. Brooks,http://www.eclipse.org/osee/documentation/architecture/data_model.php,www.eclipse.org,org
25,33766,message #9971,Can't install Linux Tools,Andrew Overholt,https://build.eclipse.org/hudson/job/cbi-linuxtools-Galileo/,build.eclipse.org,org
26,36164,message #10706,Eclipse interoperability,Eclipse User,https://forge.openwide.fr/frs/download.php/85/OpenWide-JaWESwing-contribution.zip,forge.openwide.fr,fr
27,36276,message #10734,Re: Proposal to submit XViewer to eclipse.technology.nebula,Donald Dunne,https://www.eclipsecon.org/submissions/2009/view_talk.php?id=672,www.eclipsecon.org,org
28,39515,message #11758,Generic JDBC Driver,Eclipse User,https://bugs.eclipse.org/bugs/show_bug.cgi?id=140280,bugs.eclipse.org,org
29,41722,message #12446,What algorithm does Mylyn use for color in task list?,Eclipse User,http://www-128.ibm.com/developerworks/java/library/j-mylar1/,www-128.ibm.com,com
30,42284,message #12632,How or Where can I get an SML-IF file,Jennifer,http://dev.eclipse.org/viewcvs/index.cgi/org.eclipse.cosmos/tests/resource-modeling/org.eclipse.cosmos.rm.smlif.tests/test-resources/TestSMLSample/acyclic/InValidCycles/?root=Technology_Project,dev.eclipse.org,org
31,42987,message #12831,eclipse search engine - eclipsequest.com,Stavros Kounis,http://eclipsequest.com,eclipsequest.com,com
32,43487,message #13002,An example of opening an Eclipse perspective using SWTBot,David Green,http://wiki.eclipse.org/SWTBot,wiki.eclipse.org,org
33,43926,message #13143,[ATL] Problem while launching ATL programmatically,Eclipse User,http://wiki.eclipse.org/index.php/ATL_Howtos#How_do_I_launch_transformations_programmatically.3F,wiki.eclipse.org,org
34,47224,message #14275,Text editor issues,C4Eclipse Team,http://www.vim.org/html/workshop.html,www.vim.org,org
35,49459,message #14885,BEM for Ganymede released,loukil brahim,http://www.linkedin.com/in/brlouk,www.linkedin.com,com
36,52107,message #15695,new version of the proposal,Eclipse User,https://forge.openwide.fr/docman/view.php/61/77/jwt.htm,forge.openwide.fr,fr
37,56882,message #17046,eclipse does not start :(,Eclipse User,http://home.comcast.net/~ncherry/,home.comcast.net,net
38,60938,message #18299,GMF online tutorials missing,Richard Gronback,http://help.eclipse.org/help31/index.jsp?topic=/org.eclipse.gmf.doc/tutorials,help.eclipse.org,org
39,62222,message #18726,Where is the source code for ajde1.1.1?,George Harley,http://www.eclipse.org/ajdt,www.eclipse.org,org
40,63016,message #18940,Eclipse OffSoucing development > 100 ? per day,Yves YANG,http://www.talend.com,www.talend.com,com
41,64040,message #19292,"Sr. QA Automation Lead Engineer - Replay Solutions (makers of ReplayDirector !) - Redwood City, CA",Eclipse User,http://www.replaysolutions.com,www.replaysolutions.com,com
42,64301,message #19375,[xText] how to put oaw projects on CVS,Lorenzo Bettini,http://longlivemusic.blogspot.com,longlivemusic.blogspot.com,blogspot.com
43,65588,message #19876,how to filter out the appearance of context menu over RSE's remote system view,Martin Oberhuber,http://wiki.eclipse.org/Menu_Contributions,wiki.eclipse.org,org
44,65845,message #19947,new to JET2,Tex Twil,http://www.example.org/mindmap,www.example.org,org
45,66539,message #20196,VE 1.0 Plans,Jeff Myers,http://dev.eclipse.org/viewcvs/indextools.cgi/%7Echeckout%7E/vep-home/WebContent/docs/v1.0.0/line-items/index.htm,dev.eclipse.org,org
46,67612,message #20550,PDT-Simple Question,Guy Gurfinkel,https://bugs.eclipse.org/bugs/show_bug.cgi?id=169954,bugs.eclipse.org,org
47,67648,message #20562,ObservableCollectionTreeContentProvider duplicate TreeNode creation,Will Horn,http://bugs.eclipse.org/283351,bugs.eclipse.org,org
48,69721,message #21167,TPTP via update manager?,Bill Wohler,http://www.newt.com/wohler/,www.newt.com,com
49,70015,message #21256,little rendering problems,Eclipse User,http://wiki.eclipse.org/index.php/RWTOverview,wiki.eclipse.org,org
50,79123,message #24175,Architecture Package Content Alignment Review Complete for OpenUP/Basic 0.9,Jim Ruehlin,https://bugs.eclipse.org/bugs/show_bug.cgi?id=165217,bugs.eclipse.org,org
51,80042,message #24487,error when uploading documents,Daniel Hale,http://xml.apache.org/axis/,xml.apache.org,org
52,82940,message #25439,"47 failures in ocl.tests, is that the right number?",Eclipse User,http://download.eclipse.org/technology/emft/downloads/,download.eclipse.org,org
53,83083,message #25489,Re: Spaces in URLs,Scott Dybiec,https://bugs.eclipse.org/bugs/enter_bug.cgi?product=M2T&amp,bugs.eclipse.org,org
54,85649,message #26360,Re: Model metrics and model difference,Jean Bezivin,http://www.eclipse.org/m2m/atl/atlTransformations/Table2SVGPieChart/ExampleTable2SVGPieChart%5Bv00.03%5D.pdf,www.eclipse.org,org
55,88908,message #27368,creating a new Project type,Eclipse User,http://dev.eclipse.org/help21/index.jsp?topic=/org.eclipse.platform.doc.isv/guide/resAdv_natures.htm,dev.eclipse.org,org
56,89377,message #27489,[ANN] release 1.0.9 of metrics plugin is now ready,Frank Sauer,http://www.touchgraph.com,www.touchgraph.com,com
57,89672,message #27546,plug-in  development,Eclipse User,http://www-106.ibm.com/developerworks/library/os-ecplug/,www-106.ibm.com,com
58,89845,message #27601,Performance problems on XP,Eclipse User,http://eclipsefaq.org,eclipsefaq.org,org
59,90836,message #27902,JWT API ?,Florian Lautenbacher,http://docs.jboss.com/jbpm/pvm/article/,docs.jboss.com,com
60,95050,message #29246,[Announce] EMFT TRANSACTION 1.0.0 I200603301355 is available,Eclipse User,http://eclipse.org/emft/news/release-notes.php?version=1.0.0,eclipse.org,org
61,95870,message #29497,eclipse3M6 and AspectJ,Eclipse User,http://www.eclipse.org/eclipse/development/eclipse_project_plan_3_0.html,www.eclipse.org,org
62,154942,message #49527,To clear up some confusion regarding the committer election for Enrico...,Eclipse User,http://dev.eclipse.org/mhonarc/newsLists/news.eclipse.dtp/msg01085.html,dev.eclipse.org,org
63,197944,message #63552,Re: How to override ItemProvider and use a custom table cell editor for a referenced Feature in the,Eclipse User,http://dev.eclipse.org/newslists/news.eclipse.tools.emf/msg19094.html,dev.eclipse.org,org
64,137218,message #43408,Web Start Eclipse Platform failing,Tim Stephenson,http://help.eclipse.org/stable/index.jsp?topic=/org.eclipse.platform.doc.isv/guide/java_web_start.htm,help.eclipse.org,org
65,166829,message #53390,AJDT 1.2 released for Eclipse 3.0,Eclipse User,http://www.eclipse.org/ajdt/whatsnew12/,www.eclipse.org,org
66,138053,message #43699,What's wrong with this gmf,Junyan,http://www.eclipse.org/gmf/2005/mappings,www.eclipse.org,org
67,122354,message #38130,Re: Exctract eType from within eStructuralFeature using JET,Eclipse User,http://www.eclipse.org/emf/2002/Ecore,www.eclipse.org,org
68,189350,message #60719,SWT Class throws NULL exception,David J. Orme,http://www.swtworkbench.com,www.swtworkbench.com,com
69,164058,message #52485,Status of the Ecore ODA Driver?,Linda Chan,http://www.eclipse.org/datatools/downloads.php,www.eclipse.org,org
70,157874,message #50493,"compliers,resources,markers",Eclipse User,http://www.editfast.com/english/grammar/capitalization/capitalization_beginning_sentences.htm,www.editfast.com,com
71,178604,message #57170,Merging model files before running XPand,Sven Efftinge,http://xtext.itemis.com,xtext.itemis.com,com
72,166752,message #53374,TimerTask,Markus Wolf,http://wwwkeys.de.pgp.net,wwwkeys.de.pgp.net,net
73,132218,message #41615,Mylyn with SourceForge  enterprise edition 4.4,Mark Phippard,http://eclipse.open.collab.net/,eclipse.open.collab.net,net
74,133568,message #42072,Re: Obtaing Value,Eclipse User,http://schema.omg.org/spec/XMI/2.1,schema.omg.org,org
75,182729,message #58546,Non IDE application Based on Eclipse.,Eclipse User,http://eclipsewiki.swiki.net/2587,eclipsewiki.swiki.net,net
76,168875,message #54050,ServletBridge,Eclipse User,http://www.eclipse.org/downloads/download.php?file=/technology/rap/rapdemo.war,www.eclipse.org,org
77,199177,message #63995,SWT Application Does Not Display Correctly Until Resized.,Eclipse User,https://bugs.eclipse.org/bugs/show_bug.cgi?id=71975,bugs.eclipse.org,org
78,166127,message #53139,Problems when using ant,Darin Swanson,https://bugs.eclipse.org/bugs/show_bug.cgi?id=24448,bugs.eclipse.org,org
79,107110,message #33160,OHF - IHE Plugin question,No real name,http://wiki.eclipse.org/IHE_Connectathon_2008#OHF_at_Past_Connectathons,wiki.eclipse.org,org
80,147859,message #47122,launching AGR test from command line,No real name,http://dev.eclipse.org/cvshowto.html,dev.eclipse.org,org
81,134138,message #42284,[newbie] Accessing selected file,Eclipse User,http://www.steffen-zschaler.de/,www.steffen-zschaler.de,de
82,193824,message #62228,Using a jar within an executable jar.,Eclipse User,http://fjep.sourceforge.net/,fjep.sourceforge.net,net
83,167833,message #53699,PGroup - Ability to add controls to the title-bar,Eclipse User,http://dev.eclipse.org/mhonarc/lists/nebula-dev/msg00377.html,dev.eclipse.org,org
84,137348,message #43450,How to use the http://localhost:8080/bridge/services/ohf-bridge,No real name,http://www.eclipse.org/ohf/components/bridge/index.php,www.eclipse.org,org
85,161509,message #51610,RE: OCL Metamodel in ECore,Eclipse User,http://www.eclipse.org/gmt/am3/zoos/atlanticZoo/,www.eclipse.org,org
86,132605,message #41755,"Announcement: New EMF/XSD Community Page: EMF/XSD Implementations, Solutions, Extensions",Eike Stepper,http://www.cs.purdue.edu/homes/sion/jvm/docs,www.cs.purdue.edu,edu
87,176575,message #56586,db4o database in the Data Tools Platfom,Eclipse User,http://fitzdtp.blogspot.com/2008/08/creating-sqlite-connection-profile-ui.html,fitzdtp.blogspot.com,blogspot.com
88,170676,message #54662,Teneo Build Announcement Thread,Martin Taal,http://www.eclipse.org/emft/downloads/?project=teneo&showAll=1&hlbuild=I200704230019#I200704230019,www.eclipse.org,org
89,170676,message #54662,Teneo Build Announcement Thread,Eclipse User,https://bugs.eclipse.org/bugs/show_bug.cgi?id=199690,bugs.eclipse.org,org
90,131428,message #41373,Structured source editor not available,Eclipse User,http://lazaridis.com,lazaridis.com,com
91,104199,message #32099,C/C++ Remote Debug Configuration Environment Variables,Tom Deseyn,http://bugs.eclipse.org/bugs/show_bug.cgi?id=267460,bugs.eclipse.org,org
92,188584,message #60463,[Announce] M2T XPAND 0.7.0M7 is available,Patrick Schoenbach,http://www.eclipse.org/modeling/m2t/downloads/?project=xpand&showAll=1&hlbuild=S200905051147#S200905051147,www.eclipse.org,org
93,135795,message #42938,Cant select contextMenu from own plugin,Ketan Padegaonkar,http://twitter.com/ketanpkr,twitter.com,com
94,199254,message #64020,[Announce] MDT OCL 1.2.3 M200811021306 is available,Eclipse User,http://www.eclipse.org/modeling/mdt/downloads/?project=ocl&a;mp;showAll=1&hlbuild=M200811021306#M200811021306,www.eclipse.org,org
95,106924,message #33109,PDT not working in 3.3 Europa,Lorenzo Bettini,http://www.gnu.org/software/gengen,www.gnu.org,org
96,108076,message #33452,Sharing local tasks between workspaces,Dave Syer,https://bugs.eclipse.org/bugs/show_bug.cgi?id=193439,bugs.eclipse.org,org
97,174704,message #55934,Using a config.ini in a PDE run configuration,Chris Aniszczyk,http://twitter.com/eclipsesource,twitter.com,com
98,123635,message #38622,[Announce] EMFT JET 0.7.0RC6 is available,Paul Elder,http://www.eclipse.org/emft/news/release-notes.php?version=0.7.0,www.eclipse.org,org
99,175018,message #56056,compartment children & multiple links,Alexander Shatalin,https://bugs.eclipse.org/bugs/show_bug.cgi?id=148021,bugs.eclipse.org,org
100,136715,message #43245,[Announce] MDT OCL 1.2.0 I200711081506 is available,Eclipse User,http://www.eclipse.org/modeling/mdt/news/relnotes.php?project=ocl&version=I200711081506,www.eclipse.org,org
101,134042,message #42255,[ATL] problem with programmatically transformation output model,Eclipse User,http://www.eclipse.org/emf/2002/Ecore#//EBoolean,www.eclipse.org,org
102,121564,message #37865,EPF webinar coming next week,Ricardo Balduino,http://cpc.on.raindance.com,cpc.on.raindance.com,com
103,202238,message #64893,memory indicator?,Eclipse User,http://budts.be/jeroen/,budts.be,be
104,202751,message #65056,how to compare pointcuts,Jimisola Laursen,http://www.eclipse.org/ajdt/newfeatures/,www.eclipse.org,org
105,208419,message #66842,what QVT for Eclipse has done to me (and questions for Quentin Glineur),Eclipse User,http://wiki.eclipse.org/ACG,wiki.eclipse.org,org
106,211713,message #67906,SWTPlus (Mascara) Project,Brian Hudson,http://www.kupzog.de/fkmk/Downloads/KTable.pdf,www.kupzog.de,de
107,211965,message #68012,Unknown font error while creating PDF report,Eclipse User,http://xml.apache.org/fop/fonts.html#truetype-metrics,xml.apache.org,org
108,212582,message #68204,Hello World Service?,Mirko Jahn,http://www.knopflerfish.org/tutorials/,www.knopflerfish.org,org
109,215314,message #69068,OHF Bridge implemented using server-side Equinox/OSGi,Eclipse User,http://wiki.eclipse.org/index.php/Ohf_bridge,wiki.eclipse.org,org
110,216240,message #69356,"Eclipse 2.1.1 vs the latest & greatest, debugging .jsp files",Eclipse User,http://download.eclipse.org/eclipse/downloads/drops/S-3.1M7-200505131415/eclipse-news-all-M7.html,download.eclipse.org,org
111,217838,message #69907,Process Framework (EPF): Presentations,Ricardo Balduino,http://www.eclipse.org/proposals/beacon/,www.eclipse.org,org
112,220379,message #70732,"Model validation, beginner question",Christian W. Damus,https://bugs.eclipse.org/bugs/show_bug.cgi?id=216701,bugs.eclipse.org,org
113,227028,message #73063,How to get R20080103 now?,Roy Ganor,http://archive.eclipse.org/tools/php/downloads/drops/R20080103/all-in-one/pdt-all-in-one-R20080103-macosx-carbon.tar.gz,archive.eclipse.org,org
114,230242,message #74111,"Just installled Eclipse, does'nt run on Windows XP SP2",Darin Swanson,https://bugs.eclipse.org/bugs/show_bug.cgi?id=84678,bugs.eclipse.org,org
115,235771,message #76103,Using VE to edit WizardPages et al,Eric Clayberg,http://www.instantiations.com,www.instantiations.com,com
116,239248,message #77446,JET: How to obtain GenClass?,Eclipse User,http://www.eclipse.org/search/search.cgi?q=dynamic+templates&cmd=Search%21&form=extended&wf=574a74&ps=10&m=all&t=5&ul=%2Fnewslists%2Fnews.eclipse.tools.emf&wm=wrd&t=News&t=Mail,www.eclipse.org,org
117,240422,message #77849,Bar Chart onClick Y Series,Eclipse User,http://www.birt.eclipse.org/ChartModel,www.birt.eclipse.org,org
118,240965,message #78003,How to use Equiniox's LogService  ?,Eclipse User,http://www.razor-m.de/logdump.zip,www.razor-m.de,de
119,243073,message #78729,setText(String text) in MenuManager,Benjamin Muskalla,http://help.eclipse.org/help33/topic/org.eclipse.rap.help/help/html/advanced/internationalization.html,help.eclipse.org,org
120,244462,message #79157,short tutorial: how to synchronize EMF and GMF generated editors,Eclipse User,https://bugs.eclipse.org/bugs/show_bug.cgi?id=164935,bugs.eclipse.org,org
121,246733,message #79937,Add Server - New Generic...RunTime - Missing classpath...,Eclipse User,http://eclipse.org/jst/server/generic/ServerTypeDefinition,eclipse.org,org
122,248344,message #80445,[ATL] Re: Two metamodels into one,Eclipse User,http://www.omg.org/XMI,www.omg.org,org
123,252249,message #81709,[ATL]: Getting data from XMI input model,Eclipse User,http://www.w3.org/2001/XMLSchema-instance,www.w3.org,org
124,254039,message #82236,WizardPage,Eclipse User,http://dev.eclipse.org/viewcvs/indextools.cgi/%7Echeckout%7E/vep-home/WebContent/docs/current-plan/vep-plan-1.1.html,dev.eclipse.org,org
125,256238,message #82970,Strange behaviour error,Nitin Dahyabhai,https://bugs.eclipse.org/bugs/enter_bug.cgi?product=Platform,bugs.eclipse.org,org
126,258002,message #83592,[QVT] qvt lanuch config: transformation IN parameter: invalid source,Radomil Dvorak,http://www.opera.com/mail/,www.opera.com,com
127,258638,message #83770,mistake in MGF Build Instructions?,Eclipse User,http://dev.eclipse.org/viewcvs/index.cgi/*checkout*/org.eclipse.gmf/releng/org.eclipse.gmf.releng.builder/readme.html?cvsroot=Technology_Project#setup,dev.eclipse.org,org
128,259248,message #83976,eclipse 3.0 or 3.1??,Eclipse User,http://eclipse.org/downloads/index.php,eclipse.org,org
129,263094,message #85242,Re: how to get a bundle's root file path?,Eclipse User,http://wiki.eclipse.org/index.php/FAQ_How_do_I_find_out_the_install_location_of_a_plug-in%3F,wiki.eclipse.org,org
130,265858,message #86214,Issue with JPA Annotations,No real name,http://www.omg.org/XMI,www.omg.org,org
131,273239,message #88702,[QVTO] Parser error using ParameterDirectionKind enumeration,Radomil Dvorak,http://www.opera.com/mail/,www.opera.com,com
132,274129,message #88974,java gui/bean plugin,Scott Stanchfield,http://www.jguru.com,www.jguru.com,com
133,274203,message #89012,JPA Annotation for Composite Foregin Key,Martin Taal,http://www.eclipse.org/emf/2003/XMLType#//String,www.eclipse.org,org
134,277974,message #90307,Not Getting the attached Connection Label,sandip,http://www.omg.org/XMI,www.omg.org,org
135,279182,message #90689,PHP inside of Javascript in a .php file,Eclipse User,http://wiki.eclipse.org/User:Nickb,wiki.eclipse.org,org
136,282835,message #91788,JDK of Eclipse building,Jon Skeet,http://www.pobox.com/~skeet/,www.pobox.com,com
137,285972,message #92836,[Declarative QVT] First build available.,Eclipse User,http://www.eclipse.org/m2m/dqvt/org.eclipse.qvt.declarative.example.umlToRdbms.zip,www.eclipse.org,org
138,289738,message #94044,[ATL] How to write a standalone Java application for  model tranformation?,Skander TURKI,http://wiki.eclipse.org/JWT_Transformations,wiki.eclipse.org,org
139,292259,message #94853,Persist EObject from BPEL20.XSD,Daniel Gerlach,http://docs.oasis-open.org/wsbpel/2.0/process/executable,docs.oasis-open.org,org
140,297274,message #96489,Eclipse and webtools-installation issue-help.,Vijay Bhadriraju,http://download.eclipse.org/webtools/downloads/drops/S-1.0M4-200504292037/,download.eclipse.org,org
141,298912,message #96992,AGR - Run several test suites all together,Paul Slauenwhite,https://bugs.eclipse.org/bugs/enter_bug.cgi?classification=TPTP,bugs.eclipse.org,org
142,299158,message #97044,[Announce] PDT 2.0.1 M200902050834 is available,Eclipse User,http://www.eclipse.org/pdt/news/relnotes.php?project=pdt&;version=M200902050834,www.eclipse.org,org
143,300528,message #97434,[Announce] PDT 2.1.0 I200905170921 is available,Eclipse User,http://www.eclipse.org/pdt/downloads/?project=pdt&showAll=1&hlbuild=I200905170921#I200905170921,www.eclipse.org,org
144,301119,message #97617,Override a toolbar action,Eclipse User,http://bpms.intalio.com,bpms.intalio.com,com
145,301843,message #97859,Help with creating a facade plugin for RAP/RCP,Patrick Turcotte,http://www.eclipsecon.org/2008/sub/attachments/From_RCP_to_RCPRAP_8211_Conversion_and_SingleSourcing_Techniques.pdf,www.eclipsecon.org,org
146,302190,message #97969,still problems with emft updates,Lorenzo Bettini,http://www.lorenzobettini.it,www.lorenzobettini.it,it
147,302278,message #98006,LEARNING ECLIPSE TUTORIAL / EBOOKS,Eclipse User,http://dev.eclipse.org/viewcvs/indextech.cgi/%7Echeckout%7E/ecesis-home/downloads/index.html,dev.eclipse.org,org
148,302703,message #98150,[TENEO] Issues when loading models from an already existing Teneo database or deleting them,Eclipse User,http://dev.eclipse.org/viewcvs/index.cgi/org.eclipse.gmt/AM3/plugins/org.eclipse.gmt.am3.core/src/org/eclipse/gmt/am3/core/storage/?root=Technology_Project,dev.eclipse.org,org
149,303284,message #98356,"adding a component to VE (not extending the palette, actually adding component to the form in code)",Joe Winchester,http://www.eclipse.org/articles/Article-VE-Custom-Widget/customwidget.html,www.eclipse.org,org
150,305242,message #98962,Problem deploying .war file for tomcat,Eclipse User,http://www.innoopract.com,www.innoopract.com,com
151,308759,message #100170,How do i perform automation testing,Liz Dancy,http://www.eclipse.org/tptp/test/documents/userguides/Intro-Auto-=,www.eclipse.org,org
152,310309,message #100646,classpath cycle with pde build,Simon Kaegi,https://bugs.eclipse.org/bugs/show_bug.cgi?id=208011,bugs.eclipse.org,org
153,311762,message #101119,"Generics are here (no, not in eclipse)",Genady Beryozkin,http://www.genady.net/rmi/,www.genady.net,net
154,313663,message #101741,AGR with TPTP4.4?,Liz Dancy,https://bugs.eclipse.org/bugs/show_bug.cgi?id=109880,bugs.eclipse.org,org
155,316184,message #102523,ANN: IntraWeb 5.0.16 for Eclipse 3 and JBuilder Released,Eclipse User,http://www.atozed.com/intraweb,www.atozed.com,com
156,321232,message #104213,M4 + RDB: Losses of Functionality,Eclipse User,http://www.eclipse.org/webtools/development/WTPDevelopmentPractice.html,www.eclipse.org,org
157,324227,message #105149,SOAP on Equinox,Tilo Gau,http://www.eclipse.org/ohf/components/bridge/,www.eclipse.org,org
158,324502,message #105236,setting ${user},Eclipse User,http://aouw.org,aouw.org,org
159,327068,message #106076,[CDO][0.8.0] Problem with OutOfMemory,Eclipse User,http://wiki.eclipse.org/CDO,wiki.eclipse.org,org
160,329328,message #106790,EMFT - Search - Build Announcements,lucas bigeardel,http://www.eclipse.org/modeling/emft/news/relnotes.php?project=search&version=0.7.0RC4,www.eclipse.org,org
161,329792,message #106948,TPTP contributes invalid menu extension with 3.3,Paul Slauenwhite,https://bugs.eclipse.org/bugs/show_bug.cgi?id=182734,bugs.eclipse.org,org
162,332599,message #107890,plz help me!!!!!!!!!!!!!!!!,Eclipse User,http://aouw.org,aouw.org,org
163,335325,message #108699,No J2EE Web Project available,Eclipse User,http://www.eclipse.org/webtools/jst/components/j2ee/M4/news/j2ee-news-m4.html,www.eclipse.org,org
164,339489,message #110147,how to decorate connectors using draw2d,Alexander Shatalin,http://www.eclipse.org/modeling/mdt/?project=uml2tools#uml2tools,www.eclipse.org,org
165,343474,message #111366,GFace datetimepicker,Andrey Bondarenko,http://sourceforge.net/projects/gface/,sourceforge.net,net
166,357460,message #115960,Classpath setting in Runtime project,Eclipse User,http://www.eclipse.org/articles/Article-PDE-does-plugins/PDE-intro.html,www.eclipse.org,org
167,358373,message #116329,Combo Size with latest CVS HEAD,Ralf Sternberg,http://www.amazon.com/SWT-Standard-Widget-Toolkit-Eclipse/dp/0321256638,www.amazon.com,com
168,368019,message #119615,too short override file,Eclipse User,http://www.omg.org/XMI,www.omg.org,org
169,368917,message #119883,TPTP profiling in weblogic 8.1 with jdk1.4,Eclipse User,http://osdir.com/ml/ide.eclipse.tptp.tracing-profiling.devel/2006-12/msg00019.html,osdir.com,com
170,369728,message #120135,Testing features within Eclipse.,Eclipse User,http://eclipse.org/articles/Article-Update/keeping-up-to-date.html,eclipse.org,org
171,370482,message #120375,problem with tomcat on eclipse 3.1,Larry Isaacs,https://bugs.eclipse.org/bugs/show_bug.cgi?id=103430,bugs.eclipse.org,org
172,372263,message #120974,"Is ""Cumulative CPU time"" supposed to be the same from run to run?",Asaf Yaffe,http://java.sun.com/j2se/1.5.0/docs/guide/jvmti/jvmti.html#timers,java.sun.com,com
173,373883,message #121476,I20060405 released for working with Eclipse 3.2M6,Eclipse User,http://download.eclipse.org/tools/ve/downloads/index.php,download.eclipse.org,org
174,375771,message #122196,Install Eclipse 3.5M3 using P2 and shared bundle pooling ?,CÃ©dric Vidal,http://download.eclipse.org/eclipse/updates/3.5milestones/,download.eclipse.org,org
175,379649,message #123441,TPTP auto. services : passing eclipse configuration and command line parameter :,Paul Slauenwhite,http://help.eclipse.org/help33/topic/org.eclipse.hyades.test.doc.user/ref/rsupported-test-execution-service-properties.htm,help.eclipse.org,org
176,379980,message #123544,"[EMF Compare] Comparison does not take into account ""ordered"" multivalued references",Patrick Konemann,https://bugs.eclipse.org/bugs/show_bug.cgi?id=199745,bugs.eclipse.org,org
177,387674,message #125980,secure storage preference ui features,Christian Luehe,http://help.eclipse.org/stable/index.jsp?topic=/org.eclipse.platform.doc.isv/guide/secure_storage_dev.htm,help.eclipse.org,org
178,388595,message #126311,[EMF Compare] Selecting a matching engine,Dimitrios Kolovos,http://www.kolovos.eu/misc/EMFCompareScreenCast/EMFCompareScreenCast.htm,www.kolovos.eu,eu
179,392724,message #127691,GMF M7 - nsURIs migration,Anna Karjakina,http://www.eclipse.org/gmf/2005/GenModel/2.0,www.eclipse.org,org
180,394139,message #128157,Building on remote UNIX machine,Eclipse User,http://www.puddingonline.com/~dave/publications/SSH-with-Keys-HOWTO/document/html-one-page/SSH-with-Keys-HOWTO.html,www.puddingonline.com,com
181,399127,message #129758,[Announce] EMFT COMPARE 0.8.1 is available,Cedric Brun,http://www.eclipse.org/modeling/emft/news/relnotes.php?project=compare&version=0.8.1,www.eclipse.org,org
182,403927,message #131235,Server definition for Sun Application Server,Fred Grott,http://www.eclipse-plugins.info/eclipse/plugin_details.jsp?id=1158,www.eclipse-plugins.info,info
183,404322,message #131379,[ANN] CodePro WebCast Thursday 1:00pm EDT,Eric Clayberg,http://www.instantiations.com/codepro/ws/,www.instantiations.com,com
184,404819,message #131562,Statistical View/Java Agent in 4.5,Jonas Wolf,https://bugs.eclipse.org/bugs/show_bug.cgi?id=239795,bugs.eclipse.org,org
185,411666,message #133773,Re: Same installed plug-ins for all the team,Paul Webster,http://wiki.eclipse.org/Command_Core_Expressions,wiki.eclipse.org,org
186,413262,message #134295,tutorial Service and Provider (source code),Lorenzo Bettini,http://www.purplesucker.com,www.purplesucker.com,com
187,417524,message #135722,CDT position on MacOSX support for 2.1.x?,Eclipse User,http://download.eclipse.org/tools/cdt/releases/new/zips/2.1.0/org.eclipse.cdt-,download.eclipse.org,org
188,417683,message #135767,Problem with shell close,Rüdiger Herrmann,https://bugs.eclipse.org/bugs/show_bug.cgi?id=229309,bugs.eclipse.org,org
189,420049,message #136507,Bug in Table.getColumnOrder() when after moving a column,Loïc Bertholet,https://bugs.eclipse.org/bugs/show_bug.cgi?id=280636,bugs.eclipse.org,org
190,424681,message #138004,Comparisons with other test tools,Paul Slauenwhite,http://www.eclipse.org/tptp/test/index.php,www.eclipse.org,org
191,427045,message #138842,[Announce] EMFT MWE 0.7.1 I200907170309 is available,Patrick Schoenbach,http://www.eclipse.org/modeling/emft/downloads/?project=mwe&amp;showAll=1&hlbuild=I200907170309#I200907170309,www.eclipse.org,org
192,428639,message #139365,Eclipse crashes when printing large Collection,Jeff Myers,https://bugs.eclipse.org/bugs/show_bug.cgi?id=87299,bugs.eclipse.org,org
193,449890,message #145776,Unlinking linked code w/out deleting it,Eclipse User,http://www.jibeinc.com,www.jibeinc.com,com
194,453745,message #146859,Where is the binary ?,Eclipse User,http://dev.eclipse.org/viewcvs/index.cgi/%7Echeckout%7E/cdt-home/user/faq.html?cvsroot=Tools_Project#create_10,dev.eclipse.org,org
195,458846,message #148277,"[Announce] Simple Indent 1.0.1, Code formatter for CDT",Eclipse User,http://softwitch.net/blog/index.php/simple-indent-code-formatter-for-cdt/,softwitch.net,net
196,462801,message #149484,Starting point on shared EditingDomain needed,Nicolai Kamenzky,http://dev.eclipse.org/newslists/news.eclipse.modeling.gmf/msg06184.ht,dev.eclipse.org,org
197,472034,message #152180,CLASSPATH containers - 3rd party JARs,Eclipse User,https://bugs.eclipse.org/bugs/show_bug.cgi?id=39198,bugs.eclipse.org,org
198,472711,message #152358,WTP 1.0 RC4 bug when removing files,Andreas Schildbach,https://bugs.eclipse.org/bugs/show_bug.cgi?id=120828,bugs.eclipse.org,org
199,481075,message #154751,Development with CDT,Eclipse User,http://www.eclipse.org/cdt/,www.eclipse.org,org
200,483485,message #155512,parameters,Eclipse User,http://www.w3.org/2001/XMLSchema-instance,www.w3.org,org
201,486455,message #156405,ReportEngineService.java,Alain Garneau,http://www.eclipse.org/birt/phoenix/deploy/reportEngineAPI.php#background,www.eclipse.org,org
202,489694,message #157356,"How to set up ""local"" CVS?",Eclipse User,http://www.devguy.com/fp/cfgmgmt/cvs/cvs_admin_nt.htm,www.devguy.com,com
203,493737,message #158447,Eclipse Crash on Startup startup.jar,Eclipse User,http://download.eclipse.org/eclipse/downloads/drops/S-3.2RC7-200606021317/index.php,download.eclipse.org,org
204,494367,message #158615,remove old plugin,Ulrich Scholz,http://sourceforge.net/tracker/index.php?func=detail&aid=1307225&group_id=40205&atid=427342,sourceforge.net,net
205,501280,message #160762,probleam in pie chart,David Michonneau,http://www.eclipse.org/birt/phoenix/deploy/,www.eclipse.org,org
206,506163,message #162159,Problem with cin and cout,Trevor McLeod,https://bugs.eclipse.org/bugs/show_bug.cgi?id=102043,bugs.eclipse.org,org
207,509237,message #163033,[ANN] M5 Support for SWT Designer & CodePro Available,Eric Clayberg,http://www.instantiations.com,www.instantiations.com,com
208,511544,message #163731,Perform Team->commit from source view,Eclipse User,http://openrules.com,openrules.com,com
209,513910,message #164403,Scripted Dataset Error,Jason Weathersby,http://www.eclipse.org/birt/2005/design,www.eclipse.org,org
210,516570,message #165214,Eclipse - Visual Editor Project,Eclipse User,http://www.eclipse.org/vep,www.eclipse.org,org
211,517296,message #165433,Deleting a Connection,Eclipse User,http://www.opera.com/m2/,www.opera.com,com
212,525218,message #167745,Using workspace as Plug In,kiril mitov,http://help.eclipse.org/help32/topic/org.eclipse.platform.doc.isv/guide/firstplugin.htm,help.eclipse.org,org
213,530778,message #169373,WS-I validation seems not to work,Mahmut Uludag,http://www.ws-i.org/Testing/Tools/2005/01/SSBP10_BP11_TAD_1-0.xml,www.ws-i.org,org
214,535820,message #170794,Code assist for constructors?,Eclipse User,http://openrules.com,openrules.com,com
215,537808,message #171379,multiple monitor support?,Eclipse User,https://bugs.eclipse.org/bugs/show_bug.cgi?id=19725,bugs.eclipse.org,org
216,541741,message #172546,Ant can't find directory,Darin Swanson,http://www.ibiblio.org/maven/commons-pool/jars/c,www.ibiblio.org,org
217,547905,message #174301,Extending the Java compiler (reusing existing flow analysis),Genady Beryozkin,http://www.genady.net/,www.genady.net,net
218,552305,message #175583,New at eclipse- building through a shell,Eclipse User,http://dev.eclipse.org/viewcvs/index.cgi/%7Echeckout%7E/cdt-home/user/faq.html?cvsroot=Tools_Project#developing_64,dev.eclipse.org,org
219,557654,message #177205,Running/Debugging Java Media Framework Applications,Eclipse User,http://java.sun.com/,java.sun.com,com
220,559625,message #177821,Porting the 'runtime component' to other languages?,Eclipse User,http://www.eclipse.org/birt/phoenix/intro/,www.eclipse.org,org
221,559853,message #177893,[Teneo] Tutorial persisting model and diagram in a relational db,Martin Taal,http://www.elver.org/hibernate/gmftutorial/tutorial1.html,www.elver.org,org
222,564739,message #179417,zylin embedded CDT for powerpc,Cagatay,http://www.zylin.com/embeddedcdt.html,www.zylin.com,com
223,572494,message #181682,EclipseCon 2007 submissions needed in webtools area (especially tutorials),Tim Wagner,http://eclipsezilla.eclipsecon.org/,eclipsezilla.eclipsecon.org,org
224,578265,message #183327,Which Engine??,Jason Weathersby,http://www.eclipse.org/birt/2005/design,www.eclipse.org,org
225,579222,message #183573,"FAQ For ""The import XXX cannot be resolved"" when browsing source?",Eclipse User,http://www.eclipsefaq.org/chris/faq/html/faq104.html,www.eclipsefaq.org,org
226,581865,message #184304,Style adaptor for XML Documents,Eclipse User,http://en.wikipedia.org/wiki/Cascading_Style_Sheets#Example_of_applying_CSS_to_.27plain.27_XML,en.wikipedia.org,org
227,586438,message #185677,XML Editor Content Assist,Eclipse User,https://bugs.eclipse.org/bugs/show_bug.cgi?id=169506,bugs.eclipse.org,org
228,590034,message #186641,Yet another incremental problem,Eclipse User,http://www.rigidsoftware.com/Chess/chess.html,www.rigidsoftware.com,com
229,590653,message #186834,Adding a menu contribution to XML Editor,Nitin Dahyabhai,http://www.eclipse.org/webtools/wst/components/sse/overview.html,www.eclipse.org,org
230,590967,message #186966,time to switch to 3.0 yet?,Eclipse User,http://www.rigidsoftware.com/Chess/chess.html,www.rigidsoftware.com,com
231,598159,message #189096,JBoss 4 / EJB3 serverdefinition for JavaEE5  /WTP 2.0,Eclipse User,http://www.informatik.fh-wiesbaden.de/~knauf/public,www.informatik.fh-wiesbaden.de,de
232,603651,message #190687,Problems running Eclipse 3.0M6,Paul E. Keyser,http://www.eclipse.org/search/search.cgi,www.eclipse.org,org
233,608802,message #192213,[RCP] Qanyon World Factbook - Eclipse Rich Client Demonstration,Thomas Derflinger,http://www.eclipse.org/eclipse/development/eclipse_project_plan_3_0.html,www.eclipse.org,org
234,613811,message #193770,internal builder,Chris Recoskie,http://www.eclipse.org/cdt,www.eclipse.org,org
235,616235,message #194464,Dog-tired Report Designer ... how can I improve performance?,Eclipse User,http://www.eclipse.org/downloads/download.php?file=/birt/downloads/drops/R-R1-2_1_1-200609260959/birt-runtime-2_1_1.zip,www.eclipse.org,org
236,621304,message #195984,support for doxygen,Eclipse User,https://bugs.eclipse.org/bugs/buglist.cgi?query_format=advanced&short_desc_type=allwordssubstr&short_desc=doxygen&classification=Tools&product=CDT&long_desc_type=allwordssubstr&long_desc=&bug_file_loc_type=allwordssubstr&bug_file_loc=&status_whiteboard_type=allwordssubstr&status_whiteboard=&keywords_type=allwords&a;mp;keywords=&emailtype1=substring&email1=&emailtype2=substring&email2=&bugidtype=include&bug_id=&votes=&chfieldfrom=&chfieldto=Now&chfieldvalue=&cmdtype=doit&order=Reuse+same+sort+as+last+time&field0-0-0=noop&type0-0-0=noop&value0-0-0=,bugs.eclipse.org,org
237,633483,message #199656,Eclipse 3.0 crashes on startup with JRE 1.3.1_10,Eclipse User,http://enigmail.mozdev.org,enigmail.mozdev.org,org
238,633715,message #199713,importing existing (non eclipse) project?,Eclipse User,http://www.jibeinc.com,www.jibeinc.com,com
239,638672,message #201247,download?,Eclipse User,http://download.eclipse.org/birt/downloads/,download.eclipse.org,org
240,639228,message #201402,Null pointer Exception - further info,Eclipse User,http://www.eclipse.org/birt/2005/design,www.eclipse.org,org
241,642023,message #202190,where can i get eclipse-cdt 1:3.1.1-8.fc6 ?,Eclipse User,http://www.w3.org/TR/html4/loose.dtd,www.w3.org,org
242,645975,message #203348,Fedora crash,Tom Hofmann,https://bugs.eclipse.org/bugs/show_bug.cgi?id=53261,bugs.eclipse.org,org
243,646363,message #203489,suppresswarning feature in M7,Eclipse User,http://java.sun.com/j2se/1.5.0/docs/tooldocs/windows/javac.html,java.sun.com,com
244,647159,message #203757,"Importing a schema into another schema: ""invalid schema file""?",Eclipse User,http://schemas.xmlsoap.org/wsdl/soap/,schemas.xmlsoap.org,org
245,648725,message #204208,Docs Java Api,Eclipse User,http://immagini.p2pforum.it/out.php/i133049_screenshotEclipse2.png,immagini.p2pforum.it,it
246,650988,message #204843,Number of columns in a dataset,Jason Weathersby,http://www.eclipse.org/birt/2005/design,www.eclipse.org,org
247,657012,message #206513,Properties View -- GMF 2.1,Alexander Shatalin,http://www.eclipse.org/articles/Article-Tabbed-Properties/tabbed_prope,www.eclipse.org,org
248,658292,message #206918,Eclipse often hangs,Eclipse User,http://www.autometer.de/files/Eclipse_Stack_20070424-1511.txt,www.autometer.de,de
249,659446,message #207242,Security for BIRT viewer in J2EE web app,Eclipse User,http://schemas.eclipse.org/birt,schemas.eclipse.org,org
250,664394,message #208638,"Build with Subclipse, #2",Eclipse User,http://aouw.org,aouw.org,org
251,664394,message #208638,"Build with Subclipse, #2",Eclipse User,http://enigmail.mozdev.org,enigmail.mozdev.org,org
252,666012,message #209158,[JOB] Senior Java Developer - SWT/JFace/RCP,Eclipse User,http://openrules.com,openrules.com,com
253,667314,message #209529,"Java the next generation,  5000 Euro Reward",Eclipse User,http://slashdot.org/~fastenrath/,slashdot.org,org
254,667382,message #209541,Documentation for model elements,Viktor Kazakov,http://sourceforge.net/projects/copernicus,sourceforge.net,net
255,668251,message #209853,Re: Need help in compiling simple C program,Eclipse User,http://www.cygwin.com/,www.cygwin.com,com
256,670254,message #210437,Creating a sql select with an IN clause,Jason Weathersby,http://www.eclipse.org/birt/report/model/adapter/odaModel,www.eclipse.org,org
257,670918,message #210629,National Language Support,Eclipse User,http://openrules.com,openrules.com,com
258,671986,message #210941,Eclipse AVR Plugin,Anton Leherbauer,http://sourceforge.net/projects/avr-eclipse,sourceforge.net,net
259,674703,message #211712,Recommendations for JUnit testing GEF plug in,Thomas Maier,http://www.se.eecs.uni-kassel.de/~thm/Projects/ImageExport/index.html,www.se.eecs.uni-kassel.de,de
260,677040,message #212417,Problem installing Glassfish server adapter to Eclipse R3.4M6/WTP 3.0M6,David Williams,https://bugs.eclipse.org/bugs/show_bug.cgi?id=3D227640,bugs.eclipse.org,org
261,677085,message #212423,g++ not recognized -> not building!,Alejandro Aragon,http://www.apple.com/DTDs\,www.apple.com,com
262,677143,message #212444,The requested resource (/baseball/) is not available,Sanju Koli,http://java.sun.com/xml/ns/j2ee,java.sun.com,com
263,681181,message #213704,Is there doc generation tool in cdt?,Joost Kraaijeveld,http://eclox.eu/,eclox.eu,eu
264,699918,message #219150,select jdk for eclipse,Darin Swanson,http://www.eclipse.org/eclipse/faq/eclipse-faq.html#users_0.5,www.eclipse.org,org
265,704555,message #220453,Removing www.example.org Ecore editor plug-ins,Eclipse User,http://www.example.org,www.example.org,org
266,707633,message #221359,[ANN] Lunar Eclipse - Editor Enhancements new release (3.0.1),Genady Beryozkin,http://www.stefanheimann.net/,www.stefanheimann.net,net
267,713013,message #222832,Re: How to strip off all unreferenced ComplexTypes from WSDL?,Eclipse User,https://bugs.eclipse.org/bugs/show_bug.cgi?id=195063,bugs.eclipse.org,org
268,714552,message #223306,Ask for EclipseUML,Eclipse User,http://www.omondo.com,www.omondo.com,com
269,715583,message #223654,BPEL-Designer,Eclipse User,http://download.eclipse.org/technology/bpel/update-site/,download.eclipse.org,org
270,719692,message #224943,Scheduling reports that use JNDI database connections,Eclipse User,http://www.eclipse.org/birt/phoenix/examples/reports/birt2.1/querymod/index.php,www.eclipse.org,org
271,722363,message #225804,Tomcat,Eclipse User,http://www.eclipse.org/webtools/community/tutorials/BuildJ2EEWebApp/BuildJ2EEWebApp.html,www.eclipse.org,org
272,724185,message #226457,CDT and Java projects,Eclipse User,http://www.catb.org/~esr/faqs/smart-questions.html,www.catb.org,org
273,726818,message #227219,"Formatting bug with ""using namespace""",Barthelemy,https://bugs.eclipse.org/bugs/show_bug.cgi?id=256744,bugs.eclipse.org,org
274,727709,message #227460,GMF editor with several ecore domain models,Eclipse User,http://www.eclipse.org/gmt/amw,www.eclipse.org,org
275,728465,message #227708,[Dynamic Web Project] JSP - Servlet - web.xml,lmhelp,http://www.w3.org/TR/html4/loose.dtd,www.w3.org,org
276,730238,message #228306,Installing Pydev,Ali Burak Kulakli,http://pydev.sourceforge.net/updates/,pydev.sourceforge.net,net
277,730824,message #228485,Re: What is this means?,Eclipse User,https://bugs.eclipse.org/bugs/show_bug.cgi?id=266609,bugs.eclipse.org,org
278,732014,message #228828,"Removal of deprecated classes, methods, and statics",Carl Anderson,http://wiki.eclipse.org/New_Help_for_Old_Friends_IV,wiki.eclipse.org,org
279,738244,message #230746,Connection Performance,Adam Cabler,https://bugs.eclipse.org/bugs/show_bug.cgi?id=175758,bugs.eclipse.org,org
280,745419,message #232871,"No source available for ""main() """,michelle ,http://gnu.org/licenses/gpl.html,gnu.org,org
281,745838,message #232997,Compartment item copy/paste,ps ,http://wiki.eclipse.org/GMF_Newsgroup_Q_and_A#How_to_make_copy.2Fpaste_work_on_compartments.3F,wiki.eclipse.org,org
282,750224,message #234269,Where to action registry code from GEF redbook,Eclipse User,http://www.notesfromatooluser.com/2006/11/scrum_in_a_nuts.html,www.notesfromatooluser.com,com
283,753173,message #235177,How to add listener on platform start,Eclipse User,http://openrules.com,openrules.com,com
284,754164,message #235468,undefined references?,Gyorgy Straub,http://dev.eclipse.org/newslists/news.eclipse.tools.cdt/msg18653.html,dev.eclipse.org,org
285,756192,message #236092,"Eclipse compiles, javac doesn’t",Philippe Mulet,http://download.eclipse.org/eclipse/downloads/drops/R-3.2-200606291905/download.php?dropFile=ecj.jar,download.eclipse.org,org
286,756398,message #236162,TabbedPane,Eclipse User,http://www.eclipse.org/articles/article.php?file=Article-Authoring-With-Eclipse/index.html,www.eclipse.org,org
287,760704,message #237321,Context Menu for Composite?,Grant Gayed,http://dev.eclipse.org/viewcvs/index.cgi/%7Echeckout%7E/platform-swt-home/snippits/snippet40.html,dev.eclipse.org,org
288,762384,message #237809,text editor sample - status,Nils Kaiser,https://bugs.eclipse.org/bugs/show_bug.cgi?id=74784,bugs.eclipse.org,org
289,770541,message #240046,Calculate Lines of Code,Lorenzo Bettini,http://www.purplesucker.com,www.purplesucker.com,com
290,770641,message #240077,Can anyone help me.............................pls.,Eclipse User,http://wiki.eclipse.org/index.php/Data_Extract,wiki.eclipse.org,org
291,787027,message #244620,RMi run configuration,Eclipse User,http://java.sun.com/javase/6/docs/technotes/guides/rmi/hello/hello-world.html,java.sun.com,com
292,788350,message #245067,Some difference between the class files generated by JDT and by Ant,Eclipse User,http://dev.eclipse.org/newslists/news.eclipse.tools.jdt/msg14030.html,dev.eclipse.org,org
293,790687,message #245797,Unable to use old workspace with our eclipse based product.,Gina Assaf,https://bugs.eclipse.org/bugs/show_bug.cgi?id=45882,bugs.eclipse.org,org
294,791873,message #246196,GEF in combination with ECore,Anthony Hunter,http://wiki.eclipse.org/index.php/GMF_Tutorial,wiki.eclipse.org,org
295,793489,message #246704,[Announce] GEF 3.4.2 M200811041126 is available,Anthony Hunter,http://www.eclipse.org/gef/news/relnotes.php?project=gef&;version=M200811041126,www.eclipse.org,org
296,798916,message #248368,Java version mismatch in org.eclipse.jdt.compiler.tool bundle?,Eclipse User,https://bugs.eclipse.org/bugs/show_bug.cgi?id=174515,bugs.eclipse.org,org
297,801408,message #249105,[Announce] GEF 3.5.0RC3 is available,Anthony Hunter,http://www.eclipse.org/gef/downloads/?project=gef&showAll=1&hlbuild=S200906011500#S200906011500,www.eclipse.org,org
298,803885,message #249823,Subclipse?,Matt Seashore,http://en.wikipedia.org/wiki/Eclipse_,en.wikipedia.org,org
299,807387,message #250864,JDT AST analysis: performance costs or resolveBinding,Eclipse User,http://tcl.sfs.uni-tuebingen.de/~hendrik/,tcl.sfs.uni-tuebingen.de,de
300,810158,message #251738,evaluating,Eclipse User,http://www.eclipse.org/birt/report/model/adapter/odaModel,www.eclipse.org,org
301,810527,message #251863,Eclipse build project,Eclipse User,http://www.yagarto.de/howto/yagarto2/index.html#feature,www.yagarto.de,de
302,812320,message #252346,Query Builder with Birt,Eclipse User,http://www.eclipse.org/birt/phoenix/deploy/reportEngineAPI.php,www.eclipse.org,org
303,823089,message #255609,Formatting a date in a chart's X-axis,Shai Yallin,http://www.w3.org/2001/XMLSchema-instance,www.w3.org,org
304,824784,message #256138,Jason Please answer this question,Eclipse User,http://birtworld.blogspot.com/2007/09/22-birt-tag-library-building-custom.html,birtworld.blogspot.com,blogspot.com
305,830098,message #257745,How to make the size of Section enough?,Eclipse User,http://mea-bloga.blogspot.com/2008/05/painting-workbench.html,mea-bloga.blogspot.com,blogspot.com
306,831587,message #258148,"[ANN] Looking for help: Visual XForms editor, OpenMRS and fighting the AIDS pandemic in Africa",Philippe Ombredanne,http://developer.mozilla.org/en/docs/XULRunner,developer.mozilla.org,org
307,837114,message #259963,Refactoring API - how can I handle the preview of a change,Paul Webster,http://wiki.eclipse.org/Menus_Extension_Mapping,wiki.eclipse.org,org
308,840338,message #261007,Concatenating a list of strings,Eclipse User,http://www.eclipse.org/birt/2005/design,www.eclipse.org,org
309,840439,message #261042,Searching through my project,Eclipse User,http://wiki.eclipse.org/index.php/User:Nickb,wiki.eclipse.org,org
310,842356,message #261628,Problems with Eclipse on Fedora 9,Eclipse User,http://wiki.eclipse.org/IRC_FAQ#I.27m_having_memory.2C_heap.2C_or_permgen_problems.2C_what_can_I_do.3F,wiki.eclipse.org,org
311,842742,message #261741,Eclipse with ARM7,Eclipse User,http://wiki.eclipse.org/index.php/User:Nickb,wiki.eclipse.org,org
312,842855,message #261792,Help for target platform other than 3.0,Eclipse User,http://dev.eclipse.org/help21,dev.eclipse.org,org
313,843555,message #261986,Values in dataset to be used as input for another dataset,Eclipse User,http://www.eclipse.org/birt/2005/design,www.eclipse.org,org
314,844828,message #262356,Cannot instal Visual Editor with Eclipse 3.4 (Ganymede),Eclipse User,http://download.eclipse.org/tools/ve/downloads/drops/R-1.2.3_jem-200701301117/index.html,download.eclipse.org,org
315,849655,message #263900,creating a button in preference in eclipse,Lars Vogel,http://www.vogella.de/eclipse.html,www.vogella.de,de
316,859788,message #266830,Howto run Eclipse with a predefined configuration?,Eclipse User,http://wiki.eclipse.org/XSLT_Project,wiki.eclipse.org,org
317,861482,message #267345,Newbie: help finding SWT?,Jim,http://help.eclipse.org/ganymede/index.jsp?topic=/org.eclipse.platform.doc.user/tasks/tasks-129.htm,help.eclipse.org,org
318,861644,message #267389,A fix for Eclipse slowness on Windows,Eclipse User,http://suif.stanford.edu/pub/keepresident,suif.stanford.edu,edu
319,863321,message #267951,Plugin communication,Eclipse User,http://help.eclipse.org/help30/topic/org.eclipse.platform.doc.isv/reference/misc/runtime-options.html,help.eclipse.org,org
320,864118,message #268210,[ANN] New MyEclipse Release 3.8.1,Eclipse User,http://www.myeclipseide.com/ContentExpress-display-ceid-46.html,www.myeclipseide.com,com
321,866459,message #268956,Need Tutorial about Content Assist,Felix Dorner,http://help.eclipse.org/help33/index.jsp?topic=/org.eclipse.platform.doc.isv/guide/editors_contentassist.htm,help.eclipse.org,org
322,868209,message #269477,Can't install a thing,Eclipse User,http://www.sqlexplorer.org/,www.sqlexplorer.org,org
323,876958,message #271977,override FileEditorInput and let eclipse use the new class,Eclipse User,https://bugs.eclipse.org/bugs/show_bug.cgi?id=74263,bugs.eclipse.org,org
324,877702,message #272218,[ECLIPSE.ORG] - Board Meeting,Eclipse User,http://eclipse.org/org/board/minutes/2004_06_25%20Abridged%20Minutes.pdf,eclipse.org,org
325,878744,message #272509,Eclipse Server generally rejects TCP connection request,Eclipse User,https://bugs.eclipse.org/bugs/enter_bug.cgi?product=Community&component=Website,bugs.eclipse.org,org
326,883143,message #273760,Tips/best practicies for dynamically using/building a classloader inside a plugin ?,Eclipse User,http://www.hibernate.org/225.html,www.hibernate.org,org
327,884649,message #274162,How to change the language?,Eclipse User,http://dev.eclipse.org/viewcvs/index.cgi/%7Echeckout%7E/org.eclipse.platform.doc.isv/reference/misc/runtime-options.html#osginl,dev.eclipse.org,org
328,890072,message #275623,File in Project but no file?,Eclipse User,http://www.rigidsoftware.com/Chess/chess.html,www.rigidsoftware.com,com
329,893587,message #276589,GUI Designer Tutorial?,Eclipse User,http://java.sun.com/docs/books/tutorial/uiswing/layout/index.html,java.sun.com,com
330,895108,message #276993,TableTreeViewer,Eclipse User,https://bugs.eclipse.org/bugs/show_bug.cgi?id=66240,bugs.eclipse.org,org
331,898669,message #277863,Disable logging,Raheel Ashraf,http://dev.eclipse.org/newslists/news.eclipse.birt/msg12005.html,dev.eclipse.org,org
332,899126,message #277958,Why the drop method never been called?,Eclipse User,http://dev.eclipse.org/viewcvs/index.cgi/org.eclipse.swt.snippets/src/org/eclipse/swt/snippets/Snippet84.java?rev=HEAD&a;mp;content-type=text/vnd.viewcvs-markup,dev.eclipse.org,org
333,905439,message #279716,javadoc for used library jar,Eclipse User,http://www.soasi.com,www.soasi.com,com
334,907185,message #280143,headless workbench build?,Gunnar Wagenknecht,https://bugs.eclipse.org/bugs/show_bug.cgi?id=80159,bugs.eclipse.org,org
335,940064,message #289020,overlaying decorators on images,Eclipse User,http://www.eclipse.org/articles/index.html,www.eclipse.org,org
336,953864,message #292886,crosstab refresh data cube,Tianli Zhang,https://bugs.eclipse.org/bugs/show_bug.cgi?id=208511,bugs.eclipse.org,org
337,959176,message #294498,multiple masterpages (page orientation),Eclipse User,https://bugs.eclipse.org/bugs/show_bug.cgi?id=215923,bugs.eclipse.org,org
338,962711,message #295499,Exporting a plug-in: delployment phase,Paul Webster,https://bugs.eclipse.org/bugs/show_bug.cgi?id=108781,bugs.eclipse.org,org
339,970062,message #297533,Using Problems View for files outside the workspace,Jon Hatol,http://wiki.eclipse.org/index.php/RCP_FAQ,wiki.eclipse.org,org
340,970118,message #297540,[Databinding] Interface changes,Dave Orme,http://www.db4o.com,www.db4o.com,com
341,972108,message #298164,JUnit out of memory error,Eclipse User,https://bugs.eclipse.org/bugs/show_bug.cgi?id=41353,bugs.eclipse.org,org
342,989229,message #302947,Modifying file contents on copy/paste,Eclipse User,http://www.eclipse.org/articles/Article-Resource-deltas/resource-deltas.html,www.eclipse.org,org
343,992352,message #303785,Updating imports with path ?,Eclipse User,http://sourceforge.net/projects/jazzy,sourceforge.net,net
344,994072,message #304243,Problem with upgrade from 3.0.2 version to 3.1,Paul Webster,http://download.eclipse.org,download.eclipse.org,org
345,998963,message #305676,Annotation performance: Why so poor?,David Coppit,http://www.coppit.org/temp/AnnotationPerformance.zip,www.coppit.org,org
346,1013415,message #309669,Construct Tabbed Properties at Runtime,Eclipse User,https://bugs.eclipse.org/bugs/show_bug.cgi?id=131855,bugs.eclipse.org,org
347,1015735,message #310301,What exactly has changed with ActionSets in 3.2,Roland Tepp,https://bugs.eclipse.org/bugs/show_bug.cgi?id=136847,bugs.eclipse.org,org
348,1020419,message #311610,Workspace backward compatibility between 3.3M4 and 3.2.1,Dani Megert,https://bugs.eclipse.org/bugs/show_bug.cgi?id=167411,bugs.eclipse.org,org
349,1020719,message #311732,[LONG] Rationale behind partitions,Eclipse User,http://tadsdev.sf.net,tadsdev.sf.net,net
350,1023892,message #312728,Retaining mode bits when exporting a plugin,Andrew Niefer,http://help.eclipse.org/help32/index.jsp?topic=/org.eclipse.pde.doc.user/guide/tasks/pde_feature_build.htm,help.eclipse.org,org
351,1024808,message #313025,CVS in Eclipse,Michael Valenta,http://wiki.eclipse.org/index.php/CVS_FAQ#What_server_versions_of_CVS_are_supported_by_Eclipse.3F,wiki.eclipse.org,org
352,1036804,message #316591,crosstab refresh data cube,Tianli Zhang,https://bugs.eclipse.org/bugs/show_bug.cgi?id=208511,bugs.eclipse.org,org
353,1041612,message #318098,PDE does not recognize fragments,Eclipse User,https://bugs.eclipse.org,bugs.eclipse.org,org
354,1047175,message #319889,Contributing To Eclipse,Remy Suen,http://www.eclipsezone.com/eclipse/forums/t99251.html,www.eclipsezone.com,com
355,1048483,message #320280,Why does PDE not add the development workspace to the PDE target?,Eclipse User,https://bugs.eclipse.org/bugs/show_bug.cgi?id=109137,bugs.eclipse.org,org
356,1049543,message #320619,How to determine PageBookView from an enclosed Page,Paul Webster,http://wiki.eclipse.org/Menu_Contributions,wiki.eclipse.org,org
357,1049621,message #320649,"About the ""Bold"" and ""Italic"" in the TextEditor",Dani Megert,http://www.eclipse.org/eclipse/platform-text/development/dev.php,www.eclipse.org,org
358,1050501,message #320956,Third-party code library loading resources,Paul Webster,http://wiki.eclipse.org/Command_Core_Expressions,wiki.eclipse.org,org
359,1054326,message #322199,"IWorkbenchPage.setPartState(IWorkbenchPartReference, IWorkbenchPage.STATE_RESTORED);",Paul Webster,http://wiki.eclipse.org/Platform_Command_Framework,wiki.eclipse.org,org
360,1054698,message #322293,Commands+Handlers  vs.  Actions,Paul Webster,http://wiki.eclipse.org/Command_Core_Expressions,wiki.eclipse.org,org
361,1057516,message #323151,How to get the current selected working set?,Paul Webster,http://wiki.eclipse.org/Platform_Command_Framework,wiki.eclipse.org,org
362,1059725,message #323818,How to make dynamic object contributions at runtime,Paul Webster,http://wiki.eclipse.org/Menus_Extension_Mapping,wiki.eclipse.org,org
363,1061207,message #324332,link to a DLL within a plug-in,Paul Webster,http://wiki.eclipse.org/Menus_Extension_Mapping,wiki.eclipse.org,org
364,1062070,message #324613,3.4M5,Eclipse User,http://wiki.eclipse.org/Ganymede_Simultaneous_Release,wiki.eclipse.org,org
365,1063914,message #325268,Re: Remove Min-Max Buttons from a View,Paul Webster,http://wiki.eclipse.org/Command_Core_Expressions,wiki.eclipse.org,org
366,1066424,message #326061,visibleWhen expression is not always evaluated when a custom source changes,Paul Webster,http://wiki.eclipse.org/Command_Core_Expressions,wiki.eclipse.org,org
367,1066802,message #326174,Outline View,Manuel Selva,http://manuelselva.wordpress.com,manuelselva.wordpress.com,com
368,1068482,message #326640,JVM crash on editor view opening,Andrew Gaydenko,http://java.sun.com/webapps/bugreport/crash.jsp,java.sun.com,com
369,1078643,message #329761,Paths in Plugin,Paul Webster,http://help.eclipse.org/help33/index.jsp?topic=/org.eclipse.platform.doc.isv/guide/workbench.htm,help.eclipse.org,org
370,1078915,message #329833,How to override double click even of a folder in the Resources view of Eclipse,Francis Upton IV,http://wiki.eclipse.org/Common_Navigator_Framework_Use_Cases,wiki.eclipse.org,org
371,1080715,message #330360,Ctrl+S different behaviour in Eclipse 3.3 and 3.4,Paul Webster,http://help.eclipse.org/help33/index.jsp?topic=/org.eclipse.platform.doc.isv/guide/workbench.htm,help.eclipse.org,org
372,1081936,message #330716,"[CommonNavigator][RCP][GMF]: ""Text editor does not have a document provider""",Eclipse User,http://wiki.eclipse.org/index.php/Common_Navigator_Framework,wiki.eclipse.org,org
373,1082812,message #330981,Enabling or disabling command handler based on selection,Francis Upton IV,http://help.eclipse.org/ganymede/topic/org.eclipse.platform.doc.isv/guide/cnf.htm,help.eclipse.org,org
374,1087236,message #332256,How to clone/duplicate an existing Eclipse project?,Eclipse User,http://tcl.sfs.uni-tuebingen.de/~hendrik/,tcl.sfs.uni-tuebingen.de,de
375,1088087,message #332502,Menu URI to make contributions to Context menu on Coolbar.,Paul Webster,http://wiki.eclipse.org/Menus_Extension_Mapping,wiki.eclipse.org,org
376,1089282,message #332864,Context Menu from a Column Header in a TreeViewer??,Glenn Dollard,http://dev.eclipse.org/newslists/news.eclipse.platform.swt/msg38040.html,dev.eclipse.org,org
377,1090867,message #333343,Change to shift click function,Lester Caine,http://medw.co.uk//,medw.co.uk,co.uk
378,1092945,message #333947,Disable logging,Raheel Ashraf,http://dev.eclipse.org/newslists/news.eclipse.birt/msg12005.html,dev.eclipse.org,org
379,1093152,message #334014,[Common Navigator] possible memory problems w/ NavigatorContentDescriptorManager,Francis Upton IV,http://wiki.eclipse.org/Common_Navigator_Framework,wiki.eclipse.org,org
380,1095535,message #334775,Junit testing command execution?,Paul Webster,http://wiki.eclipse.org/Command_Core_Expressions,wiki.eclipse.org,org
381,1095545,message #334777,Get extension point from plugin..,Paul Webster,http://wiki.eclipse.org/Menus_Extension_Mapping,wiki.eclipse.org,org